Date,Rainfall amount (millimetres),Maximum temperature (Degree C)
2013-06-02,5.0,15.7
2013-06-03,0.2,14.8
2013-06-04,0.2,15.0
2013-06-05,0.0,14.6
2013-06-06,0.0,17.3
2013-06-07,13.0,14.5
2013-06-08,0.6,15.7
2013-06-09,0.0,14.4
2013-06-10,0.0,16.9
2013-06-11,0.0,14.8
2013-06-12,0.2,13.3
2013-06-13,9.6,12.8
2013-06-14,9.2,13.8
2013-06-15,0.0,14.2
2013-06-16,0.6,14.1
2013-06-17,1.0,11.6
2013-06-18,2.0,14.8
2013-06-19,0.0,14.1
2013-06-20,0.0,14.9
2013-06-21,0.0,15.0
2013-06-22,0.0,12.7
2013-06-23,0.0,12.3
2013-06-24,0.0,12.3
2013-06-25,0.0,16.4
2013-06-26,0.0,17.6
2013-06-27,0.0,18.2
2013-06-28,0.0,16.4
2013-06-29,0.0,13.3
2013-06-30,0.0,18.3
2013-07-01,0.2,17.9
2013-07-02,1.6,18.8
2013-07-03,0.0,16.2
2013-07-04,0.0,16.8
2013-07-05,0.6,14.1
2013-07-06,0.2,15.6
2013-07-07,1.2,13.6
2013-07-08,2.0,13.9
2013-07-09,0.0,13.6
2013-07-10,0.0,15.3
2013-07-11,0.0,16.3
2013-07-12,0.0,17.3
2013-07-13,0.0,15.4
2013-07-14,17.0,16.3
2013-07-15,1.4,18.5
2013-07-16,0.2,16.8
2013-07-17,0.0,18.7
2013-07-18,0.0,23.8
2013-07-19,6.6,16.9
2013-07-20,13.4,9.9
2013-07-21,9.8,10.7
2013-07-22,0.0,14.7
2013-07-23,3.0,12.9
2013-07-24,0.0,14.0
2013-07-25,0.2,12.5
2013-07-26,0.2,15.0
2013-07-27,0.0,14.2
2013-07-28,0.0,18.6
2013-07-29,5.2,19.2
2013-07-30,1.4,14.4
2013-07-31,0.2,15.0
2013-08-01,0.0,14.1
2013-08-02,0.0,14.2
2013-08-03,2.6,13.3
2013-08-04,12.2,13.7
2013-08-05,2.2,15.9
2013-08-06,3.8,16.0
2013-08-07,0.6,13.8
2013-08-08,15.2,13.4
2013-08-09,6.4,12.2
2013-08-10,0.0,17.9
2013-08-11,0.0,16.3
2013-08-12,0.0,14.1
2013-08-13,1.8,16.5
2013-08-14,0.0,14.4
2013-08-15,0.8,16.9
2013-08-16,0.0,17.9
2013-08-17,0.0,15.7
2013-08-18,0.2,17.6
2013-08-19,0.4,12.8
2013-08-20,0.6,12.7
2013-08-21,0.0,14.1
2013-08-22,0.0,15.1
2013-08-23,3.2,14.8
2013-08-24,0.4,16.5
2013-08-25,0.0,17.3
2013-08-26,0.0,19.4
2013-08-27,0.0,20.3
2013-08-28,0.0,22.4
2013-08-29,0.0,23.8
2013-08-30,2.4,19.1
2013-08-31,1.4,22.2
2013-09-01,0.0,23.4
2013-09-02,0.0,18.8
2013-09-03,0.0,24.2
2013-09-04,0.0,24.1
2013-09-05,0.0,19.7
2013-09-06,2.6,15.2
2013-09-07,0.0,17.9
2013-09-08,0.0,16.8
2013-09-09,0.2,23.2
2013-09-10,0.0,16.6
2013-09-11,0.2,16.9
2013-09-12,1.0,13.9
2013-09-13,1.0,16.4
2013-09-14,0.0,17.5
2013-09-15,0.0,21.9
2013-09-16,3.2,16.9
2013-09-17,25.4,17.7
2013-09-18,0.0,19.7
2013-09-19,10.8,17.2
2013-09-20,1.8,17.1
2013-09-21,1.4,19.4
2013-09-22,0.0,21.7
2013-09-23,0.0,24.3
2013-09-24,0.0,24.0
2013-09-25,0.0,23.6
2013-09-26,30.2,15.3
2013-09-27,0.8,20.3
2013-09-28,2.4,15.9
2013-09-29,0.8,21.0
2013-09-30,0.0,23.8
2013-10-01,2.2,16.3
2013-10-02,0.2,17.1
2013-10-03,1.8,14.7
2013-10-04,0.2,21.0
2013-10-05,0.2,25.2
2013-10-06,0.0,17.9
2013-10-07,3.2,16.9
2013-10-08,0.8,20.8
2013-10-09,0.0,26.7
2013-10-10,0.0,15.5
2013-10-11,3.2,20.6
2013-10-12,0.2,25.4
2013-10-13,0.0,17.0
2013-10-14,5.8,14.4
2013-10-15,1.4,19.4
2013-10-16,0.0,28.0
2013-10-17,1.6,15.3
2013-10-18,1.6,22.0
2013-10-19,0.0,26.5
2013-10-20,0.0,31.6
2013-10-21,0.0,17.4
2013-10-22,0.2,16.1
2013-10-23,15.4,15.3
2013-10-24,3.4,14.3
2013-10-25,0.2,15.7
2013-10-26,1.4,16.2
2013-10-27,0.0,16.9
2013-10-28,0.2,17.6
2013-10-29,1.4,16.2
2013-10-30,0.0,18.0
2013-10-31,0.0,16.2
2013-11-01,0.0,20.1
2013-11-02,0.0,24.6
2013-11-03,0.0,16.6
2013-11-04,1.2,15.9
2013-11-05,0.0,25.0
2013-11-06,0.0,30.3
2013-11-07,0.0,25.8
2013-11-08,0.0,17.7
2013-11-09,4.2,15.8
2013-11-10,2.0,16.3
2013-11-11,0.0,18.9
2013-11-12,0.4,16.0
2013-11-13,18.6,14.6
2013-11-14,7.8,15.9
2013-11-15,0.0,17.0
2013-11-16,0.0,17.1
2013-11-17,0.0,18.6
2013-11-18,0.0,26.9
2013-11-19,0.0,30.6
2013-11-20,0.0,17.8
2013-11-21,0.2,22.7
2013-11-22,0.0,21.9
2013-11-23,2.6,18.7
2013-11-24,6.0,17.7
2013-11-25,0.2,21.7
2013-11-26,0.0,28.2
2013-11-27,0.0,32.7
2013-11-28,0.0,24.1
2013-11-29,9.6,16.7
2013-11-30,0.2,17.9
2013-12-01,0.0,30.8
2013-12-02,0.0,35.5
2013-12-03,0.0,25.4
2013-12-04,10.4,21.1
2013-12-05,9.2,15.6
2013-12-06,2.6,17.5
2013-12-07,0.0,26.1
2013-12-08,0.0,27.6
2013-12-09,0.0,18.1
2013-12-10,12.4,20.3
2013-12-11,0.4,20.0
2013-12-12,2.4,21.8
2013-12-13,0.0,22.5
2013-12-14,0.0,18.1
2013-12-15,0.0,19.1
2013-12-16,0.0,19.3
2013-12-17,0.0,19.7
2013-12-18,0.0,26.3
2013-12-19,0.0,39.2
2013-12-20,0.0,22.2
2013-12-21,0.0,21.0
2013-12-22,0.2,28.7
2013-12-23,2.0,17.3
2013-12-24,1.0,21.5
2013-12-25,0.0,31.6
2013-12-26,0.0,26.7
2013-12-27,0.0,21.3
2013-12-28,0.0,36.2
2013-12-29,0.0,18.9
2013-12-30,0.0,20.7
2013-12-31,0.0,24.6
2014-01-01,0.0,26.5
2014-01-02,5.2,21.8
2014-01-03,0.0,21.6
2014-01-04,0.0,20.8
2014-01-05,0.2,26.2
2014-01-06,0.8,18.8
2014-01-07,0.0,19.2
2014-01-08,0.0,27.2
2014-01-09,0.0,32.3
2014-01-10,0.0,34.3
2014-01-11,0.0,21.1
2014-01-12,0.0,20.7
2014-01-13,0.0,29.0
2014-01-14,0.0,42.0
2014-01-15,0.2,41.6
2014-01-16,0.0,43.4
2014-01-17,0.2,42.5
2014-01-18,0.2,23.2
2014-01-19,0.0,20.8
2014-01-20,0.0,23.4
2014-01-21,0.0,21.9
2014-01-22,0.2,21.7
2014-01-23,0.0,28.4
2014-01-24,1.0,21.4
2014-01-25,5.4,19.1
2014-01-26,0.0,27.2
2014-01-27,0.0,34.6
2014-01-28,0.0,41.0
2014-01-29,0.0,22.9
2014-01-30,0.0,28.1
2014-01-31,0.0,24.8
2014-02-01,0.0,27.7
2014-02-02,0.0,38.1
2014-02-03,0.0,34.6
2014-02-04,0.4,25.8
2014-02-05,0.0,30.3
2014-02-06,0.0,34.5
2014-02-07,0.0,35.6
2014-02-08,0.0,40.7
2014-02-09,0.0,39.4
2014-02-10,0.0,22.4
2014-02-11,0.0,25.5
2014-02-12,0.0,25.7
2014-02-13,0.0,25.5
2014-02-14,0.0,25.5
2014-02-15,0.0,28.2
2014-02-16,5.8,21.6
2014-02-17,4.8,24.6
2014-02-18,0.0,30.7
2014-02-19,0.0,24.6
2014-02-20,10.4,20.0
2014-02-21,0.0,19.4
2014-02-22,0.6,19.3
2014-02-23,0.0,21.2
2014-02-24,0.0,23.9
2014-02-25,0.0,33.2
2014-02-26,0.0,20.6
2014-02-27,0.4,20.0
2014-02-28,0.0,21.3
2014-03-01,0.0,22.3
2014-03-02,0.0,21.2
2014-03-03,0.0,23.2
2014-03-04,0.0,32.9
2014-03-05,0.0,22.6
2014-03-06,0.0,19.6
2014-03-07,0.0,22.0
2014-03-08,0.0,27.4
2014-03-09,0.0,32.6
2014-03-10,0.0,32.3
2014-03-11,0.0,31.7
2014-03-12,1.6,20.4
2014-03-13,0.0,21.4
2014-03-14,0.0,25.9
2014-03-15,0.0,29.5
2014-03-16,5.6,20.3
2014-03-17,0.0,25.3
2014-03-18,0.0,24.3
2014-03-19,0.0,21.0
2014-03-20,0.0,30.3
2014-03-21,0.0,22.7
2014-03-22,1.8,18.1
2014-03-23,0.0,17.7
2014-03-24,0.2,18.2
2014-03-25,0.4,24.4
2014-03-26,0.0,26.9
2014-03-27,4.6,25.8
2014-03-28,6.6,20.5
2014-03-29,0.2,22.1
2014-03-30,0.6,24.3
2014-03-31,0.2,30.5
2014-04-01,0.0,33.1
2014-04-02,0.0,24.9
2014-04-03,0.2,17.7
2014-04-04,0.0,19.4
2014-04-05,0.0,24.2
2014-04-06,0.0,24.3
2014-04-07,0.0,25.5
2014-04-08,0.0,22.1
2014-04-09,13.4,17.9
2014-04-10,18.2,19.0
2014-04-11,10.2,18.6
2014-04-12,0.4,22.3
2014-04-13,0.0,20.3
2014-04-14,0.0,20.6
2014-04-15,0.0,20.3
2014-04-16,0.0,21.0
2014-04-17,0.0,23.5
2014-04-18,0.0,18.7
2014-04-19,2.2,17.0
2014-04-20,0.0,19.2
2014-04-21,0.0,19.0
2014-04-22,5.4,17.2
2014-04-23,4.8,18.4
2014-04-24,0.2,17.0
2014-04-25,0.2,20.7
2014-04-26,0.0,19.2
2014-04-27,0.0,16.7
2014-04-28,0.0,22.8
2014-04-29,0.0,20.2
2014-04-30,12.8,16.3
2014-05-01,0.0,15.9
2014-05-02,0.0,14.4
2014-05-03,1.4,16.0
2014-05-04,5.6,13.2
2014-05-05,1.8,16.9
2014-05-06,0.6,15.4
2014-05-07,1.8,15.3
2014-05-08,0.0,18.7
2014-05-09,0.0,19.1
2014-05-10,11.0,16.3
2014-05-11,1.8,19.6
2014-05-12,0.0,18.7
2014-05-13,0.0,20.8
2014-05-14,0.0,21.1
2014-05-15,0.0,22.9
2014-05-16,0.0,23.4
2014-05-17,0.0,20.3
2014-05-18,0.0,22.4
2014-05-19,0.0,23.5
2014-05-20,0.0,21.8
2014-05-21,0.8,23.7
2014-05-22,0.0,21.0
2014-05-23,6.2,19.8
2014-05-24,0.0,16.3
2014-05-25,0.6,20.9
2014-05-26,0.0,22.2
2014-05-27,0.0,20.5
2014-05-28,2.2,18.2
2014-05-29,0.0,15.5
2014-05-30,0.0,17.5
2014-05-31,0.0,18.9
2014-06-01,3.8,15.3
2014-06-02,3.2,16.4
2014-06-03,3.4,16.3
2014-06-04,1.6,18.7
2014-06-05,4.8,15.1
2014-06-06,2.0,15.3
2014-06-07,0.4,16.4
2014-06-08,1.0,14.8
2014-06-09,0.0,15.6
2014-06-10,0.0,18.6
2014-06-11,0.0,17.1
2014-06-12,0.0,16.4
2014-06-13,5.8,17.5
2014-06-14,0.0,14.7
2014-06-15,0.8,14.7
2014-06-16,0.4,16.6
2014-06-17,2.0,14.9
2014-06-18,0.0,14.1
2014-06-19,0.0,12.5
2014-06-20,0.0,15.8
2014-06-21,0.0,15.9
2014-06-22,0.0,15.7
2014-06-23,0.0,15.0
2014-06-24,4.4,14.3
2014-06-25,7.0,15.8
2014-06-26,0.6,16.2
2014-06-27,0.0,15.1
2014-06-28,0.0,13.3
2014-06-29,1.6,11.1
2014-06-30,6.0,13.2
2014-07-01,0.4,13.3
2014-07-02,0.0,16.7
2014-07-03,0.0,13.1
2014-07-04,0.0,12.8
2014-07-05,0.0,15.3
2014-07-06,0.2,13.8
2014-07-07,0.0,15.8
2014-07-08,0.0,15.1
2014-07-09,0.2,11.7
2014-07-10,5.0,14.7
2014-07-11,1.2,14.6
2014-07-12,4.4,10.4
2014-07-13,2.4,13.6
2014-07-14,0.0,13.5
2014-07-15,0.0,13.2
2014-07-16,2.0,14.7
2014-07-17,0.2,12.3
2014-07-18,2.4,12.5
2014-07-19,0.2,12.7
2014-07-20,0.2,13.7
2014-07-21,0.0,12.9
2014-07-22,0.0,12.2
2014-07-23,0.0,14.1
2014-07-24,0.0,15.0
2014-07-25,0.0,16.4
2014-07-26,0.0,14.8
2014-07-27,1.4,16.8
2014-07-28,0.0,16.9
2014-07-29,0.0,16.8
2014-07-30,0.0,19.3
2014-07-31,0.0,19.7
2014-08-01,5.2,10.1
2014-08-02,10.6,11.9
2014-08-03,0.6,14.4
2014-08-04,0.0,14.9
2014-08-05,0.0,16.8
2014-08-06,0.0,16.0
2014-08-07,1.6,14.1
2014-08-08,2.6,16.3
2014-08-09,0.0,15.2
2014-08-10,1.4,12.2
2014-08-11,6.0,12.2
2014-08-12,0.6,11.9
2014-08-13,0.2,13.5
2014-08-14,0.8,13.7
2014-08-15,0.0,16.9
2014-08-16,0.0,11.7
2014-08-17,0.0,15.0
2014-08-18,0.0,13.5
2014-08-19,0.2,13.4
2014-08-20,0.0,12.6
2014-08-21,0.0,17.8
2014-08-22,0.0,20.2
2014-08-23,0.0,20.7
2014-08-24,0.6,15.5
2014-08-25,0.8,16.6
2014-08-26,0.2,17.6
2014-08-27,0.0,17.4
2014-08-28,0.0,18.8
2014-08-29,0.0,14.9
2014-08-30,0.0,21.1
2014-08-31,0.0,21.8
2014-09-01,0.0,15.5
2014-09-02,10.8,14.2
2014-09-03,0.2,13.8
2014-09-04,0.0,14.3
2014-09-05,0.0,15.1
2014-09-06,0.0,18.1
2014-09-07,0.0,20.8
2014-09-08,0.0,21.5
2014-09-09,0.0,20.1
2014-09-10,1.6,19.3
2014-09-11,2.4,16.4
2014-09-12,0.0,15.5
2014-09-13,0.0,17.2
2014-09-14,0.0,19.8
2014-09-15,0.0,18.4
2014-09-16,0.0,14.8
2014-09-17,3.4,15.9
2014-09-18,0.6,13.5
2014-09-19,0.4,14.7
2014-09-20,0.0,15.1
2014-09-21,0.0,16.4
2014-09-22,0.0,23.3
2014-09-23,0.0,25.7
2014-09-24,0.0,23.8
2014-09-25,11.6,15.4
2014-09-26,0.2,18.7
2014-09-27,0.0,23.2
2014-09-28,0.0,28.0
2014-09-29,0.0,23.3
2014-09-30,0.0,24.0
2014-10-01,2.6,15.2
2014-10-02,0.0,17.1
2014-10-03,0.6,19.6
2014-10-04,0.2,26.3
2014-10-05,0.0,17.4
2014-10-06,0.0,25.4
2014-10-07,1.0,17.2
2014-10-08,1.0,18.6
2014-10-09,0.0,21.9
2014-10-10,0.0,24.5
2014-10-11,0.0,20.0
2014-10-12,0.0,26.9
2014-10-13,4.4,14.6
2014-10-14,6.0,15.6
2014-10-15,0.2,15.4
2014-10-16,0.0,15.6
2014-10-17,3.4,16.3
2014-10-18,0.0,24.6
2014-10-19,0.0,29.2
2014-10-20,0.0,20.7
2014-10-21,0.0,28.2
2014-10-22,0.0,32.3
2014-10-23,0.0,22.3
2014-10-24,0.0,30.3
2014-10-25,0.0,18.2
2014-10-26,0.0,24.7
2014-10-27,22.4,19.4
2014-10-28,3.6,19.5
2014-10-29,0.4,21.8
2014-10-30,0.0,21.3
2014-10-31,0.0,32.3
2014-11-01,6.0,17.2
2014-11-02,0.2,15.4
2014-11-03,0.0,23.1
2014-11-04,0.0,28.8
2014-11-05,0.0,16.8
2014-11-06,0.0,22.5
2014-11-07,0.0,32.1
2014-11-08,0.0,34.9
2014-11-09,0.2,17.5
2014-11-10,0.0,19.6
2014-11-11,0.0,17.0
2014-11-12,0.0,22.8
2014-11-13,0.0,30.6
2014-11-14,0.0,18.9
2014-11-15,0.0,17.6
2014-11-16,36.6,17.6
2014-11-17,0.6,19.1
2014-11-18,0.0,19.9
2014-11-19,0.0,29.2
2014-11-20,0.0,28.4
2014-11-21,0.8,22.2
2014-11-22,0.0,31.0
2014-11-23,0.0,24.5
2014-11-24,1.2,19.7
2014-11-25,12.6,20.9
2014-11-26,0.0,18.9
2014-11-27,0.0,18.3
2014-11-28,0.0,18.8
2014-11-29,0.0,24.1
2014-11-30,0.0,35.0
2014-12-01,0.0,28.1
2014-12-02,0.4,24.3
2014-12-03,0.0,23.9
2014-12-04,9.0,25.6
2014-12-05,0.0,20.4
2014-12-06,2.6,22.7
2014-12-07,14.8,17.8
2014-12-08,2.2,20.1
2014-12-09,0.0,19.0
2014-12-10,0.0,20.0
2014-12-11,0.8,19.8
2014-12-12,0.0,26.6
2014-12-13,0.0,30.7
2014-12-14,0.0,25.1
2014-12-15,0.0,22.9
2014-12-16,0.0,32.3
2014-12-17,0.0,21.6
2014-12-18,0.0,24.8
2014-12-19,1.6,19.3
2014-12-20,0.0,22.5
2014-12-21,0.0,33.1
2014-12-22,0.0,23.6
2014-12-23,1.0,26.5
2014-12-24,0.6,21.3
2014-12-25,0.0,23.0
2014-12-26,3.4,18.9
2014-12-27,0.0,21.1
2014-12-28,0.0,32.0
2014-12-29,0.0,26.2
2014-12-30,0.2,23.4
2014-12-31,0.4,25.3
2015-01-01,0.0,26.9
2015-01-02,0.0,38.8
2015-01-03,0.0,38.2
2015-01-04,4.2,21.4
2015-01-05,0.0,22.0
2015-01-06,0.0,26.0
2015-01-07,0.0,37.4
2015-01-08,19.4,28.2
2015-01-09,1.2,18.0
2015-01-10,5.2,21.7
2015-01-11,0.0,27.5
2015-01-12,0.0,31.3
2015-01-13,0.0,25.6
2015-01-14,15.8,22.7
2015-01-15,0.0,20.0
2015-01-16,0.0,27.3
2015-01-17,0.0,25.0
2015-01-18,0.0,19.5
2015-01-19,0.0,23.6
2015-01-20,0.0,30.4
2015-01-21,0.0,33.1
2015-01-22,0.0,35.8
2015-01-23,0.0,25.0
2015-01-24,0.0,26.3
2015-01-25,0.0,22.0
2015-01-26,1.0,19.8
2015-01-27,0.6,19.1
2015-01-28,0.0,25.4
2015-01-29,0.0,22.2
2015-01-30,0.0,21.0
2015-01-31,0.0,20.2
2015-02-01,9.2,19.0
2015-02-02,3.8,21.1
2015-02-03,0.0,20.0
2015-02-04,0.0,19.0
2015-02-05,0.0,24.2
2015-02-06,0.0,35.7
2015-02-07,0.0,35.0
2015-02-08,0.0,21.5
2015-02-09,0.0,28.3
2015-02-10,0.0,27.8
2015-02-11,0.0,26.8
2015-02-12,0.0,21.9
2015-02-13,0.0,32.4
2015-02-14,19.6,25.1
2015-02-15,0.4,34.4
2015-02-16,0.0,24.6
2015-02-17,0.0,20.6
2015-02-18,0.0,21.2
2015-02-19,0.0,26.9
2015-02-20,0.0,25.3
2015-02-21,0.0,36.1
2015-02-22,1.6,35.3
2015-02-23,0.0,29.3
2015-02-24,3.2,20.1
2015-02-25,0.0,27.0
2015-02-26,0.0,23.2
2015-02-27,0.0,24.3
2015-02-28,0.0,32.3
2015-03-01,15.8,20.8
2015-03-02,0.0,23.0
2015-03-03,0.0,22.7
2015-03-04,0.0,23.5
2015-03-05,0.8,18.6
2015-03-06,0.2,21.1
2015-03-07,0.2,22.6
2015-03-08,0.0,24.4
2015-03-09,0.0,23.8
2015-03-10,0.0,21.7
2015-03-11,0.0,23.8
2015-03-12,0.0,19.9
2015-03-13,0.0,20.4
2015-03-14,0.0,30.1
2015-03-15,2.2,18.3
2015-03-16,0.0,25.5
2015-03-17,0.0,26.2
2015-03-18,1.4,24.4
2015-03-19,0.0,33.5
2015-03-20,0.0,19.6
2015-03-21,0.0,22.7
2015-03-22,0.0,28.8
2015-03-23,0.0,27.0
2015-03-24,1.4,15.3
2015-03-25,0.4,20.4
2015-03-26,0.4,18.0
2015-03-27,0.2,18.1
2015-03-28,0.0,19.1
2015-03-29,0.0,22.7
2015-03-30,0.0,23.1
2015-03-31,0.0,25.3
2015-04-01,0.0,29.0
2015-04-02,0.2,17.2
2015-04-03,0.0,20.9
2015-04-04,0.0,23.5
2015-04-05,0.0,18.5
2015-04-06,0.0,18.4
2015-04-07,0.0,17.3
2015-04-08,5.6,17.7
2015-04-09,0.0,19.1
2015-04-10,0.0,18.7
2015-04-11,0.0,23.7
2015-04-12,0.0,18.3
2015-04-13,0.0,19.1
2015-04-14,1.6,24.7
2015-04-15,2.4,27.6
2015-04-16,0.0,17.8
2015-04-17,0.0,17.1
2015-04-18,3.6,21.9
2015-04-19,6.4,14.7
2015-04-20,1.4,16.2
2015-04-21,0.0,17.7
2015-04-22,0.0,19.5
2015-04-23,0.0,19.2
2015-04-24,0.0,21.1
2015-04-25,3.0,15.0
2015-04-26,7.0,15.4
2015-04-27,4.0,15.1
2015-04-28,1.6,16.0
2015-04-29,0.0,17.1
2015-04-30,0.0,19.6
2015-05-01,0.0,23.1
2015-05-02,0.0,22.2
2015-05-03,0.0,18.2
2015-05-04,0.0,22.3
2015-05-05,0.6,18.1
2015-05-06,1.4,16.2
2015-05-07,2.2,15.6
2015-05-08,0.2,15.9
2015-05-09,0.0,18.7
2015-05-10,8.6,16.6
2015-05-11,2.6,15.9
2015-05-12,0.0,17.4
2015-05-13,6.8,12.8
2015-05-14,4.4,14.6
2015-05-15,1.8,14.5
2015-05-16,0.0,16.2
2015-05-17,0.0,20.5
2015-05-18,0.0,20.4
2015-05-19,0.0,16.2
2015-05-20,2.4,18.1
2015-05-21,6.2,13.6
2015-05-22,0.4,14.1
2015-05-23,0.0,13.3
2015-05-24,0.0,15.6
2015-05-25,0.0,17.1
2015-05-26,0.0,15.6
2015-05-27,0.0,18.7
2015-05-28,0.0,19.7
2015-05-29,0.0,15.8
2015-05-30,0.0,17.3
2015-05-31,0.0,16.8
2015-06-01,8.2,12.2
2015-06-02,4.2,11.4
2015-06-03,0.8,13.6
2015-06-04,0.0,11.3
2015-06-05,4.2,15.0
2015-06-06,0.2,16.6
2015-06-07,0.0,14.5
2015-06-08,0.0,18.5
2015-06-09,4.0,13.5
2015-06-10,0.0,13.4
2015-06-12,0.0,13.1
2015-06-13,0.0,18.2
2015-06-14,0.0,17.4
2015-06-15,0.0,16.9
2015-06-16,5.0,16.1
2015-06-17,0.0,13.8
2015-06-18,1.0,12.7
2015-06-19,0.2,12.4
2015-06-20,0.0,11.6
2015-06-21,0.0,12.9
2015-06-22,0.0,14.1
2015-06-23,0.0,17.6
2015-06-24,0.0,16.0
2015-06-25,0.0,14.0
2015-06-26,0.0,16.9
2015-06-27,0.0,14.1
2015-06-28,0.0,14.5
2015-06-29,0.0,12.3
2015-06-30,0.0,14.2
2015-07-01,0.0,15.0
2015-07-02,0.6,11.9
2015-07-03,2.6,12.0
2015-07-04,0.0,10.6
2015-07-05,2.0,14.9
2015-07-06,1.6,11.5
2015-07-07,2.2,14.2
2015-07-08,0.2,14.8
2015-07-09,0.0,13.4
2015-07-10,0.0,14.3
2015-07-11,0.2,13.1
2015-07-12,1.6,12.3
2015-07-13,28.4,12.7
2015-07-14,3.8,9.8
2015-07-15,3.6,10.5
2015-07-16,0.2,12.3
2015-07-17,2.4,12.3
2015-07-18,0.4,11.5
2015-07-19,0.0,12.1
2015-07-20,0.0,14.7
2015-07-21,0.0,17.0
2015-07-22,1.6,16.6
2015-07-23,0.0,16.1
2015-07-24,1.2,15.0
2015-07-25,0.8,13.3
2015-07-26,3.2,11.6
2015-07-27,0.8,13.9
2015-07-28,0.0,14.4
2015-07-29,0.0,14.0
2015-07-30,0.0,12.3
2015-07-31,0.6,14.0
2015-08-01,0.2,11.4
2015-08-02,0.0,14.9
2015-08-03,6.4,10.8
2015-08-04,0.0,11.3
2015-08-05,1.0,10.8
2015-08-06,1.6,12.8
2015-08-07,1.4,13.1
2015-08-08,0.4,12.6
2015-08-09,0.0,13.3
2015-08-10,0.2,16.0
2015-08-11,0.8,14.8
2015-08-12,0.0,14.8
2015-08-13,0.2,13.0
2015-08-14,0.0,15.3
2015-08-15,0.4,14.9
2015-08-16,0.2,17.0
2015-08-17,2.4,12.2
2015-08-18,0.6,11.1
2015-08-19,0.0,12.7
2015-08-20,0.0,17.1
2015-08-21,0.0,18.7
2015-08-22,0.0,18.8
2015-08-23,0.0,16.3
2015-08-24,0.0,14.5
2015-08-25,0.0,14.3
2015-08-26,0.2,14.6
2015-08-27,0.8,11.7
2015-08-28,17.4,13.2
2015-08-29,1.8,11.7
2015-08-30,2.2,12.5
2015-08-31,0.0,13.0
2015-09-01,0.0,16.2
2015-09-02,0.0,18.8
2015-09-03,4.4,14.0
2015-09-04,0.0,13.7
2015-09-05,0.0,14.0
2015-09-06,0.0,16.6
2015-09-07,3.6,13.6
2015-09-08,2.0,12.8
2015-09-09,0.0,15.3
2015-09-10,0.0,15.7
2015-09-11,0.0,20.1
2015-09-12,0.0,21.7
2015-09-13,0.0,25.5
2015-09-14,0.0,26.7
2015-09-15,15.8,15.9
2015-09-16,0.0,14.8
2015-09-17,0.4,14.3
2015-09-18,0.0,14.7
2015-09-19,0.0,21.3
2015-09-20,0.0,22.9
2015-09-21,0.0,18.1
2015-09-22,4.4,12.7
2015-09-23,0.0,12.6
2015-09-24,0.0,14.3
2015-09-25,0.0,19.1
2015-09-26,0.0,17.9
2015-09-27,0.0,20.2
2015-09-28,0.0,21.4
2015-09-29,0.0,16.9
2015-09-30,0.0,15.9
2015-10-01,0.0,21.6
2015-10-02,0.0,28.6
2015-10-03,0.0,31.3
2015-10-04,0.0,24.9
2015-10-05,0.0,34.4
2015-10-06,0.0,35.8
2015-10-07,0.0,16.2
2015-10-08,0.0,18.6
2015-10-09,0.0,29.9
2015-10-10,0.0,29.2
2015-10-11,0.4,19.2
2015-10-12,0.6,16.1
2015-10-13,0.4,17.6
2015-10-14,0.0,28.6
2015-10-15,0.0,34.0
2015-10-16,0.0,23.8
2015-10-17,0.0,20.5
2015-10-18,0.0,17.7
2015-10-19,0.0,26.7
2015-10-20,0.0,31.8
2015-10-21,2.4,18.3
2015-10-22,7.0,16.7
2015-10-23,0.0,16.4
2015-10-24,0.0,19.5
2015-10-25,0.0,31.3
2015-10-26,0.2,15.9
2015-10-27,0.2,23.3
2015-10-28,0.0,26.8
2015-10-29,0.0,26.1
2015-10-30,0.0,27.4
2015-10-31,1.0,25.9
2015-11-01,4.4,26.0
2015-11-02,0.0,16.0
2015-11-03,0.2,17.9
2015-11-04,0.0,27.2
2015-11-05,12.2,24.7
2015-11-06,17.6,18.7
2015-11-07,1.2,16.8
2015-11-08,0.0,24.8
2015-11-09,0.0,33.1
2015-11-10,0.0,16.4
2015-11-11,2.0,20.1
2015-11-12,0.0,21.2
2015-11-13,0.4,18.2
2015-11-14,0.2,18.3
2015-11-15,0.2,18.5
2015-11-16,0.2,26.3
2015-11-17,0.0,33.3
2015-11-18,0.0,29.5
2015-11-19,0.0,31.5
2015-11-20,0.4,19.1
2015-11-21,3.6,17.5
2015-11-22,0.0,20.0
2015-11-23,0.0,20.7
2015-11-24,0.0,24.5
2015-11-25,0.0,33.3
2015-11-26,0.0,17.4
2015-11-27,0.4,18.2
2015-11-28,0.0,20.1
2015-11-29,0.0,20.3
2015-11-30,0.0,32.2
2015-12-01,1.8,24.6
2015-12-02,0.0,17.5
2015-12-03,0.0,21.3
2015-12-04,0.0,30.8
2015-12-05,0.0,25.3
2015-12-06,0.0,29.8
2015-12-07,0.0,27.3
2015-12-08,0.8,35.4
2015-12-09,0.0,24.6
2015-12-10,0.0,26.0
2015-12-11,0.0,19.2
2015-12-12,2.0,18.3
2015-12-13,0.0,28.3
2015-12-14,0.0,22.7
2015-12-15,0.0,24.6
2015-12-16,0.0,27.5
2015-12-17,0.0,37.2
2015-12-18,0.0,35.4
2015-12-19,0.0,41.2
2015-12-20,0.0,37.8
2015-12-21,6.0,20.2
2015-12-22,0.0,22.8
2015-12-23,0.0,26.0
2015-12-24,0.4,34.6
2015-12-25,0.0,34.1
2015-12-26,30.6,20.0
2015-12-27,5.2,19.4
2015-12-28,0.0,20.8
2015-12-29,0.0,23.9
2015-12-30,0.0,34.7
2015-12-31,0.0,39.7
2016-01-01,0.0,24.2
2016-01-02,0.0,27.6
2016-01-03,0.0,27.1
2016-01-04,0.0,26.0
2016-01-05,0.0,25.7
2016-01-06,0.0,25.7
2016-01-07,0.0,21.3
2016-01-08,0.0,20.6
2016-01-09,0.0,21.4
2016-01-10,0.0,31.5
2016-01-11,0.0,36.4
2016-01-12,0.8,24.8
2016-01-13,0.2,42.2
2016-01-14,0.4,18.1
2016-01-15,1.0,19.2
2016-01-16,0.0,22.3
2016-01-17,0.0,32.7
2016-01-18,0.0,35.3
2016-01-19,0.0,30.9
2016-01-20,1.0,29.1
2016-01-21,0.8,26.7
2016-01-22,1.6,22.8
2016-01-23,7.0,21.9
2016-01-24,5.2,22.2
2016-01-25,0.4,20.9
2016-01-26,0.0,29.4
2016-01-27,0.0,29.5
2016-01-28,3.6,27.5
2016-01-29,14.2,18.3
2016-01-30,1.2,22.4
2016-01-31,10.6,21.8
2016-02-01,0.0,23.6
2016-02-02,0.0,31.5
2016-02-03,0.6,21.0
2016-02-04,2.4,20.9
2016-02-05,0.0,29.4
2016-02-06,0.0,32.6
2016-02-07,0.0,27.7
2016-02-08,0.0,22.9
2016-02-09,0.0,22.7
2016-02-10,0.0,23.3
2016-02-11,0.0,23.8
2016-02-12,0.0,24.9
2016-02-13,0.0,30.3
2016-02-14,0.0,24.5
2016-02-15,0.0,26.1
2016-02-16,3.6,18.4
2016-02-17,0.6,21.1
2016-02-18,1.2,22.6
2016-02-19,0.2,22.0
2016-02-20,0.0,20.8
2016-02-21,0.0,24.7
2016-02-22,0.0,29.5
2016-02-23,0.0,39.4
2016-02-24,0.0,25.6
2016-02-25,0.4,26.4
2016-02-26,0.0,23.5
2016-02-27,0.0,22.2
2016-02-28,0.0,22.7
2016-02-29,0.0,23.7
2016-03-01,0.0,33.7
2016-03-02,0.0,34.7
2016-03-03,0.2,23.9
2016-03-04,0.2,33.0
2016-03-05,1.2,23.7
2016-03-06,0.0,25.2
2016-03-07,3.2,24.9
2016-03-08,0.6,38.9
2016-03-09,0.0,28.5
2016-03-10,0.6,22.1
2016-03-11,8.4,26.1
2016-03-12,0.2,22.3
2016-03-13,0.0,23.2
2016-03-14,0.0,21.3
2016-03-15,0.0,26.8
2016-03-16,0.0,31.4
2016-03-17,0.0,32.5
2016-03-18,13.4,19.5
2016-03-19,5.8,18.8
2016-03-20,0.2,23.3
2016-03-21,0.0,23.5
2016-03-22,0.0,24.3
2016-03-23,0.0,28.8
2016-03-24,0.0,21.2
2016-03-25,0.0,20.4
2016-03-26,0.4,20.2
2016-03-27,1.0,19.9
2016-03-28,0.2,19.2
2016-03-29,0.0,17.9
2016-03-30,0.0,18.7
2016-03-31,0.0,22.7
2016-04-01,0.0,26.5
2016-04-02,0.0,19.5
2016-04-03,0.0,18.8
2016-04-04,0.0,21.2
2016-04-05,0.0,29.0
2016-04-06,12.8,15.6
2016-04-07,6.8,18.4
2016-04-08,0.0,20.0
2016-04-09,0.0,22.3
2016-04-10,0.0,23.5
2016-04-11,0.0,20.1
2016-04-12,0.2,18.7
2016-04-13,0.2,20.0
2016-04-14,0.0,27.0
2016-04-15,0.0,27.0
2016-04-16,0.0,20.3
2016-04-17,0.0,19.8
2016-04-18,0.0,25.0
2016-04-19,0.0,27.4
2016-04-20,0.0,28.0
2016-04-21,0.4,24.2
2016-04-22,21.6,16.7
2016-04-23,0.0,18.6
2016-04-24,0.0,20.0
2016-04-25,0.0,25.0
2016-04-26,0.0,25.6
2016-04-27,0.0,25.4
2016-04-28,0.0,24.9
2016-04-29,0.4,20.6
2016-04-30,6.2,24.1
2016-05-01,9.8,17.0
2016-05-02,0.4,18.4
2016-05-03,0.0,20.1
2016-05-04,0.2,18.2
2016-05-05,0.0,20.5
2016-05-06,0.0,24.7
2016-05-07,0.0,25.7
2016-05-08,5.4,20.4
2016-05-09,0.8,22.2
2016-05-10,12.0,17.2
2016-05-11,0.2,17.4
2016-05-12,0.2,21.4
2016-05-13,0.0,21.6
2016-05-14,0.0,21.7
2016-05-15,0.0,22.0
2016-05-16,0.0,19.6
2016-05-17,0.2,17.1
2016-05-18,0.0,19.3
2016-05-19,0.0,18.4
2016-05-20,1.8,17.4
2016-05-21,0.0,18.5
2016-05-22,0.0,22.2
2016-05-23,2.2,17.2
2016-05-24,1.8,15.8
2016-05-25,0.0,15.6
2016-05-26,12.4,12.5
2016-05-27,4.8,14.4
2016-05-28,0.6,13.2
2016-05-29,4.2,13.9
2016-05-30,0.0,15.4
2016-05-31,0.0,17.4
2016-06-01,0.0,17.0
2016-06-02,0.0,12.8
2016-06-03,0.0,14.1
2016-06-04,6.2,13.4
2016-06-05,3.4,14.1
2016-06-06,1.4,14.5
2016-06-07,0.0,15.3
2016-06-08,1.2,14.7
2016-06-09,1.4,17.5
2016-06-10,0.0,15.8
2016-06-11,3.0,13.5
2016-06-12,0.6,13.8
2016-06-13,0.0,13.4
2016-06-14,0.0,15.6
2016-06-15,0.0,17.9
2016-06-16,0.0,14.3
2016-06-17,4.2,15.1
2016-06-18,8.6,12.7
2016-06-19,0.4,13.5
2016-06-20,3.6,13.2
2016-06-21,3.2,14.7
2016-06-22,0.0,15.4
2016-06-23,0.6,14.8
2016-06-24,13.8,10.7
2016-06-25,2.0,12.7
2016-06-26,0.2,11.1
2016-06-27,0.2,10.6
2016-06-28,0.2,17.0
2016-06-29,0.2,15.8
2016-06-30,0.0,11.7
2016-07-01,6.4,14.1
2016-07-02,0.2,16.5
2016-07-03,0.0,16.7
2016-07-04,0.0,12.7
2016-07-05,0.6,12.8
2016-07-06,22.6,13.0
2016-07-07,3.8,13.7
2016-07-08,0.8,15.3
2016-07-09,0.2,15.2
2016-07-10,0.0,14.2
2016-07-11,3.6,16.0
2016-07-12,0.0,13.7
2016-07-13,0.4,12.0
2016-07-14,1.0,14.0
2016-07-15,0.0,14.1
2016-07-16,0.0,13.7
2016-07-17,0.0,16.1
2016-07-18,0.0,17.7
2016-07-19,0.0,16.0
2016-07-20,1.8,16.1
2016-07-21,1.8,18.1
2016-07-22,7.8,18.3
2016-07-23,2.8,11.6
2016-07-24,0.8,11.4
2016-07-25,0.0,14.3
2016-07-26,4.8,11.0
2016-07-27,0.4,12.9
2016-07-28,0.0,15.2
2016-07-29,0.0,15.3
2016-07-30,2.4,13.8
2016-07-31,2.0,17.0
2016-08-01,2.8,14.4
2016-08-02,14.4,13.4
2016-08-03,2.8,12.8
2016-08-04,0.8,14.6
2016-08-05,0.0,14.6
2016-08-06,0.0,14.4
2016-08-07,0.0,16.6
2016-08-08,0.0,14.2
2016-08-09,0.0,18.9
2016-08-10,0.0,15.3
2016-08-11,8.2,15.7
2016-08-12,0.0,14.1
2016-08-13,1.6,15.1
2016-08-14,0.2,18.7
2016-08-15,0.0,18.1
2016-08-16,0.0,18.2
2016-08-17,0.4,15.6
2016-08-18,0.0,21.6
2016-08-19,0.2,16.4
2016-08-20,9.4,13.6
2016-08-21,1.2,14.8
2016-08-22,5.6,16.0
2016-08-23,11.0,13.4
2016-08-24,0.0,12.7
2016-08-25,1.2,13.0
2016-08-26,0.6,14.4
2016-08-27,0.0,16.3
2016-08-28,0.0,19.0
2016-08-29,0.0,20.4
2016-08-30,0.0,16.8
2016-08-31,0.8,20.2
2016-09-01,0.0,15.5
2016-09-02,0.4,15.0
2016-09-03,0.2,15.7
2016-09-04,0.2,16.9
2016-09-05,0.0,18.4
2016-09-06,0.0,21.5
2016-09-07,0.0,21.0
2016-09-08,0.0,23.3
2016-09-09,0.6,16.7
2016-09-10,9.4,14.3
2016-09-11,1.2,17.0
2016-09-12,1.6,13.6
2016-09-13,9.0,14.6
2016-09-14,20.6,16.1
2016-09-15,2.0,14.6
2016-09-16,13.4,15.7
2016-09-17,0.0,19.8
2016-09-18,0.4,12.5
2016-09-19,0.2,16.3
2016-09-20,0.0,18.8
2016-09-21,1.2,15.2
2016-09-22,1.2,13.4
2016-09-23,0.6,16.5
2016-09-24,0.0,20.1
2016-09-25,5.8,14.7
2016-09-26,0.6,16.9
2016-09-27,12.6,14.8
2016-09-28,2.2,19.3
2016-09-29,1.8,16.7
2016-09-30,2.0,16.4
2016-10-01,1.6,18.6
2016-10-02,0.0,24.0
2016-10-03,9.2,15.9
2016-10-04,2.0,17.1
2016-10-05,2.8,17.1
2016-10-06,0.0,27.2
2016-10-07,0.0,22.5
2016-10-08,0.0,16.9
2016-10-09,0.0,22.0
2016-10-10,0.8,16.8
2016-10-11,1.4,15.1
2016-10-12,0.0,15.4
2016-10-13,4.2,14.6
2016-10-14,0.2,22.7
2016-10-15,0.0,24.8
2016-10-16,0.0,23.1
2016-10-17,9.8,18.9
2016-10-18,1.0,16.6
2016-10-19,2.6,16.5
2016-10-20,0.0,21.8
2016-10-21,0.0,17.6
2016-10-22,16.4,13.2
2016-10-23,8.8,14.1
2016-10-24,0.4,17.1
2016-10-25,0.2,25.7
2016-10-26,0.0,18.5
2016-10-27,0.2,15.4
2016-10-28,0.0,16.6
2016-10-29,0.0,25.6
2016-10-30,0.0,28.0
2016-10-31,1.8,17.5
2016-11-01,0.4,18.4
2016-11-02,0.4,18.5
2016-11-03,0.0,19.1
2016-11-04,0.0,29.2
2016-11-05,0.0,16.8
2016-11-06,0.0,21.4
2016-11-07,0.0,25.9
2016-11-08,0.2,18.2
2016-11-09,0.0,17.4
2016-11-10,0.0,17.5
2016-11-11,0.0,23.8
2016-11-12,2.0,25.5
2016-11-13,2.0,19.0
2016-11-14,8.6,15.9
2016-11-15,0.0,19.2
2016-11-16,0.0,21.6
2016-11-17,0.0,31.4
2016-11-18,0.0,18.9
2016-11-19,0.0,19.4
2016-11-20,0.0,33.3
2016-11-21,0.0,35.0
2016-11-22,8.6,14.9
2016-11-23,5.4,16.8
2016-11-24,2.2,17.0
2016-11-25,0.8,17.9
2016-11-26,0.0,17.4
2016-11-27,0.4,16.3
2016-11-28,0.2,19.6
2016-11-29,0.2,20.0
2016-11-30,0.0,18.9
2016-12-01,0.0,21.9
2016-12-02,0.0,21.6
2016-12-03,0.0,23.9
2016-12-04,0.0,31.7
2016-12-05,2.4,21.5
2016-12-06,0.0,20.8
2016-12-07,0.0,28.3
2016-12-08,2.2,23.2
2016-12-09,6.6,17.3
2016-12-10,0.2,18.8
2016-12-11,1.0,19.3
2016-12-12,0.0,32.8
2016-12-13,0.0,36.3
2016-12-14,0.0,19.3
2016-12-15,0.0,18.6
2016-12-16,0.0,25.5
2016-12-17,0.0,20.9
2016-12-18,0.0,17.5
2016-12-19,0.0,30.2
2016-12-20,3.0,21.5
2016-12-21,0.2,19.9
2016-12-22,0.0,20.0
2016-12-23,0.0,26.3
2016-12-24,0.8,34.9
2016-12-25,0.2,36.3
2016-12-26,0.0,29.3
2016-12-27,1.6,29.8
2016-12-28,1.0,38.2
2016-12-29,0.0,33.5
2016-12-30,20.4,27.8
2016-12-31,0.0,23.8
2017-01-01,0.0,21.1
2017-01-02,0.4,17.8
2017-01-03,0.4,19.5
2017-01-04,0.0,29.3
2017-01-05,0.0,31.7
2017-01-06,0.0,35.2
2017-01-07,0.0,36.7
2017-01-08,0.0,33.1
2017-01-09,0.0,24.4
2017-01-10,0.0,26.2
2017-01-11,0.0,24.3
2017-01-12,0.0,26.5
2017-01-13,1.4,28.8
2017-01-14,2.6,23.5
2017-01-15,0.0,21.5
2017-01-16,0.0,32.7
2017-01-17,0.0,37.8
2017-01-18,0.0,20.8
2017-01-19,0.0,23.4
2017-01-20,22.6,20.8
2017-01-21,0.6,22.6
2017-01-22,0.0,29.6
2017-01-23,0.0,36.7
2017-01-24,0.6,22.0
2017-01-25,0.0,21.1
2017-01-26,0.0,21.2
2017-01-27,0.0,23.6
2017-01-28,0.0,29.2
2017-01-29,0.0,27.0
2017-01-30,0.0,30.0
2017-01-31,3.0,22.1
2017-02-01,0.0,20.6
2017-02-02,0.0,24.1
2017-02-03,0.0,27.6
2017-02-04,0.0,35.9
2017-02-05,0.0,30.7
2017-02-06,32.4,18.0
2017-02-07,0.0,27.6
2017-02-08,0.0,36.0
2017-02-09,0.0,36.0
2017-02-10,0.0,27.1
2017-02-11,0.0,24.6
2017-02-12,2.0,19.9
2017-02-13,0.0,21.0
2017-02-14,0.6,19.5
2017-02-15,0.0,31.5
2017-02-16,0.0,23.6
2017-02-17,0.0,25.5
2017-02-18,0.0,18.9
2017-02-19,0.0,17.3
2017-02-20,3.6,20.3
2017-02-21,0.2,24.0
2017-02-22,0.0,33.3
2017-02-23,0.0,25.0
2017-02-24,1.4,20.0
2017-02-25,0.0,19.4
2017-02-26,0.0,29.8
2017-02-27,0.0,33.1
2017-02-28,0.0,33.6
2017-03-01,0.0,30.5
2017-03-02,0.0,23.3
2017-03-03,0.0,28.6
2017-03-04,0.0,27.4
2017-03-05,0.2,25.4
2017-03-06,0.0,27.4
2017-03-07,0.0,28.2
2017-03-08,0.0,31.5
2017-03-09,0.0,32.3
2017-03-10,0.0,23.8
2017-03-11,0.0,26.4
2017-03-12,0.0,27.1
2017-03-13,0.2,24.3
2017-03-14,0.0,32.7
2017-03-15,0.0,33.2
2017-03-16,1.8,23.0
2017-03-17,0.0,22.1
2017-03-18,0.0,30.8
2017-03-19,0.0,33.5
2017-03-20,0.0,28.0
2017-03-21,4.4,26.1
2017-03-22,9.2,21.8
2017-03-23,0.0,25.1
2017-03-24,0.0,24.7
2017-03-25,0.0,29.7
2017-03-26,0.0,26.7
2017-03-27,0.0,31.9
2017-03-28,4.2,24.3
2017-03-29,0.2,27.2
2017-03-30,3.4,17.9
2017-03-31,2.8,17.9
2017-04-01,0.0,19.0
2017-04-02,0.4,18.2
2017-04-03,0.0,21.5
2017-04-04,0.0,24.4
2017-04-05,0.0,25.4
2017-04-06,0.0,26.6
2017-04-07,0.0,26.2
2017-04-08,0.0,28.1
2017-04-09,10.6,15.2
2017-04-10,25.4,17.0
2017-04-11,15.4,18.5
2017-04-12,0.0,19.3
2017-04-13,0.0,22.2
2017-04-14,0.0,17.9
2017-04-15,0.0,17.3
2017-04-16,0.0,22.6
2017-04-17,0.0,18.3
2017-04-18,0.0,20.4
2017-04-19,0.0,26.9
2017-04-20,0.0,26.5
2017-04-21,9.4,20.9
2017-04-22,4.6,22.5
2017-04-23,0.0,21.8
2017-04-24,0.0,24.7
2017-04-25,21.6,17.7
2017-04-26,20.0,14.5
2017-04-27,15.4,15.6
2017-04-28,0.4,19.8
2017-04-29,0.2,18.1
2017-04-30,0.0,17.8
2017-05-01,0.0,20.4
2017-05-02,2.4,15.2
2017-05-03,0.8,15.3
2017-05-04,0.0,16.9
2017-05-05,0.0,20.5
2017-05-06,0.2,20.0
2017-05-07,1.4,14.8
2017-05-08,1.8,15.8
2017-05-09,1.6,15.9
2017-05-10,0.0,17.7
2017-05-11,0.0,16.5
2017-05-12,0.0,19.5
2017-05-13,0.2,15.6
2017-05-14,0.0,15.1
2017-05-15,0.0,16.9
2017-05-16,0.0,18.2
2017-05-17,0.0,17.0
2017-05-18,0.8,20.2
2017-05-19,0.0,17.8
2017-05-20,0.0,19.3
2017-05-21,0.0,18.7
2017-05-22,0.0,20.3
2017-05-23,0.0,19.3
2017-05-24,0.0,17.1
2017-05-25,0.0,18.5
2017-05-26,0.0,18.0
2017-05-27,0.0,17.8
2017-05-28,6.8,15.3
2017-05-29,1.4,14.8
2017-05-30,2.2,13.1
2017-05-31,5.4,13.0
2017-06-01,0.4,13.9
2017-06-02,0.0,14.7
2017-06-03,0.0,14.3
2017-06-04,0.0,15.8
2017-06-05,0.0,17.5
2017-06-06,6.4,13.9
2017-06-07,0.0,14.3
2017-06-08,0.0,15.0
2017-06-09,1.8,15.0
2017-06-10,0.0,15.8
2017-06-11,0.2,15.5
2017-06-12,0.0,15.9
2017-06-13,0.0,15.1
2017-06-14,0.0,17.4
2017-06-15,0.0,19.0
2017-06-16,0.0,17.1
2017-06-17,0.0,15.5
2017-06-18,0.0,16.3
2017-06-19,0.0,16.1
2017-06-20,0.0,15.8
2017-06-21,0.6,13.5
2017-06-22,0.2,14.1
2017-06-23,0.0,14.9
2017-06-24,1.4,12.3
2017-06-25,0.0,14.3
2017-06-26,1.4,12.6
2017-06-27,0.0,12.1
2017-06-28,0.0,14.1
2017-06-29,0.0,13.7
2017-06-30,4.4,12.3
2017-07-01,0.0,12.7
2017-07-02,0.0,14.3
2017-07-03,0.0,13.9
2017-07-04,3.0,16.2
2017-07-05,0.0,15.8
2017-07-06,0.0,15.0
2017-07-07,0.0,14.2
2017-07-08,0.0,13.5
2017-07-09,0.8,14.6
2017-07-10,0.0,16.0
2017-07-11,0.4,14.3
2017-07-12,0.0,15.1
2017-07-13,0.0,13.3
2017-07-14,2.0,15.9
2017-07-15,0.0,12.0
2017-07-16,0.0,12.5
2017-07-17,0.0,15.3
2017-07-18,0.2,14.5
2017-07-19,5.0,13.2
2017-07-20,0.6,10.7
2017-07-21,4.2,13.8
2017-07-22,0.0,12.4
2017-07-23,0.0,14.1
2017-07-24,7.0,16.1
2017-07-25,0.0,17.2
2017-07-26,2.4,15.0
2017-07-27,2.0,14.2
2017-07-28,2.8,14.3
2017-07-29,0.0,17.9
2017-07-30,0.0,18.1
2017-07-31,0.0,14.8
2017-08-01,0.0,15.5
2017-08-02,0.0,12.9
2017-08-03,0.0,9.0
2017-08-04,6.6,12.1
2017-08-05,0.0,14.2
2017-08-06,0.0,13.0
2017-08-07,4.2,12.3
2017-08-08,2.2,15.0
2017-08-09,0.0,16.8
2017-08-10,0.0,18.8
2017-08-11,0.0,16.4
2017-08-12,2.8,17.9
2017-08-13,2.0,18.7
2017-08-14,0.0,20.1
2017-08-15,0.2,17.5
2017-08-16,0.8,18.1
2017-08-17,1.8,15.6
2017-08-18,2.8,12.2
2017-08-19,7.2,11.8
2017-08-20,2.0,13.3
2017-08-21,0.6,12.7
2017-08-22,1.6,16.8
2017-08-23,0.0,18.1
2017-08-24,9.2,13.3
2017-08-25,0.6,15.0
2017-08-26,0.0,15.3
2017-08-27,7.8,10.7
2017-08-28,0.6,11.8
2017-08-29,0.0,12.9
2017-08-30,0.6,13.8
2017-08-31,0.2,16.7
2017-09-01,0.0,17.0
2017-09-02,0.0,18.4
2017-09-03,0.0,17.2
2017-09-04,0.4,13.7
2017-09-05,0.2,13.3
2017-09-06,4.8,15.1
2017-09-07,0.8,15.2
2017-09-08,3.2,13.5
2017-09-09,1.2,14.9
2017-09-10,0.2,16.1
2017-09-11,0.0,18.1
2017-09-12,0.2,19.9
2017-09-13,2.0,16.4
2017-09-14,1.4,15.3
2017-09-15,0.0,16.7
2017-09-16,21.4,13.3
2017-09-17,0.2,18.1
2017-09-18,0.0,22.0
2017-09-19,0.2,13.9
2017-09-20,0.0,19.2
2017-09-21,0.0,23.6
2017-09-22,0.0,25.6
2017-09-23,0.0,30.6
2017-09-24,0.4,19.9
2017-09-25,1.6,14.2
2017-09-26,0.4,15.1
2017-09-27,0.0,24.6
2017-09-28,0.0,18.5
2017-09-29,0.0,18.4
2017-09-30,1.0,15.4
2017-10-01,0.0,17.2
2017-10-02,0.0,16.4
2017-10-03,0.0,22.3
2017-10-04,0.0,20.8
2017-10-05,0.0,19.4
2017-10-06,2.4,15.0
2017-10-07,0.2,23.7
2017-10-08,0.0,25.3
2017-10-09,2.4,18.7
2017-10-10,0.2,18.8
2017-10-11,0.0,25.6
2017-10-12,10.0,19.2
2017-10-13,0.0,16.7
2017-10-14,0.0,16.1
2017-10-15,0.0,17.6
2017-10-16,0.0,28.6
2017-10-17,0.0,30.2
2017-10-18,0.0,30.9
2017-10-19,0.0,25.6
2017-10-20,2.6,16.2
2017-10-21,0.0,15.4
2017-10-22,0.0,16.0
2017-10-23,0.0,19.0
2017-10-24,0.2,20.5
2017-10-25,11.4,18.5
2017-10-26,0.2,16.8
2017-10-27,0.0,27.4
2017-10-28,0.4,21.4
2017-10-29,0.0,28.6
2017-10-30,4.4,17.0
2017-10-31,6.0,16.4
2017-11-01,0.4,18.0
2017-11-02,1.4,17.4
2017-11-03,1.4,16.6
2017-11-04,0.4,15.8
2017-11-05,0.0,17.6
2017-11-06,0.0,16.1
2017-11-07,3.4,15.8
2017-11-08,0.0,16.9
2017-11-09,0.0,21.8
2017-11-10,0.0,27.2
2017-11-11,0.0,24.7
2017-11-12,0.0,23.3
2017-11-13,0.0,33.0
2017-11-14,0.0,33.9
2017-11-15,0.0,31.4
2017-11-16,3.6,21.3
2017-11-17,4.2,26.8
2017-11-18,0.0,28.1
2017-11-19,24.8,29.3
2017-11-20,0.0,30.8
2017-11-21,0.0,32.9
2017-11-22,0.0,32.6
2017-11-23,0.0,31.9
2017-11-24,1.0,30.7
2017-11-25,0.4,32.5
2017-11-26,3.4,28.3
2017-11-27,1.4,21.2
2017-11-28,0.2,31.0
2017-11-29,0.0,35.8
2017-11-30,0.0,34.9
2017-12-01,1.8,23.5
2017-12-02,20.6,16.4
2017-12-03,43.8,17.1
2017-12-04,5.4,17.5
2017-12-05,1.8,22.8
2017-12-06,0.0,21.3
2017-12-07,0.0,21.9
2017-12-08,25.2,18.7
2017-12-09,0.0,23.0
2017-12-10,0.0,22.2
2017-12-11,0.0,20.7
2017-12-12,0.0,26.4
2017-12-13,0.0,37.6
2017-12-14,0.0,23.1
2017-12-15,0.0,26.4
2017-12-16,0.0,24.6
2017-12-17,0.0,24.5
2017-12-18,0.0,33.0
2017-12-19,0.0,37.4
2017-12-20,20.6,24.5
2017-12-21,0.0,23.7
2017-12-22,0.0,27.7
2017-12-23,0.0,30.2
2017-12-24,0.4,19.4
2017-12-25,0.0,21.4
2017-12-26,0.0,30.5
2017-12-27,0.0,34.5
2017-12-28,0.0,32.8
2017-12-29,0.2,24.4
2017-12-30,8.4,21.3
2017-12-31,0.2,25.7
2018-01-01,0.0,25.3
2018-01-02,0.0,21.8
2018-01-03,0.0,21.0
2018-01-04,0.2,23.6
2018-01-05,0.0,30.7
2018-01-06,0.0,41.7
2018-01-07,0.0,21.8
2018-01-08,0.0,21.9
2018-01-09,0.0,22.5
2018-01-10,0.0,25.6
2018-01-11,0.0,34.5
2018-01-12,1.0,30.0
2018-01-13,7.0,20.9
2018-01-14,15.0,19.5
2018-01-15,0.0,20.9
2018-01-16,0.0,26.9
2018-01-17,0.0,30.3
2018-01-18,0.0,40.0
2018-01-19,0.0,40.3
2018-01-20,0.0,24.6
2018-01-21,0.0,28.2
2018-01-22,0.0,23.9
2018-01-23,0.0,23.6
2018-01-24,0.0,23.3
2018-01-25,0.0,26.6
2018-01-26,0.0,28.4
2018-01-27,3.4,33.2
2018-01-28,0.0,38.1
2018-01-29,0.0,33.5
2018-01-30,38.8,21.0
2018-01-31,0.0,19.1
2018-02-01,0.2,22.5
2018-02-02,0.0,22.1
2018-02-03,0.0,28.1
2018-02-04,0.0,25.7
2018-02-05,0.0,25.7
2018-02-06,0.0,29.9
2018-02-07,0.0,37.4
2018-02-08,0.0,27.5
2018-02-09,0.0,24.9
2018-02-10,0.0,30.3
2018-02-11,0.0,21.2
2018-02-12,0.0,23.6
2018-02-13,0.0,29.0
2018-02-14,0.0,23.3
2018-02-15,0.0,24.2
2018-02-16,0.0,22.2
2018-02-17,0.0,25.3
2018-02-18,0.0,24.0
2018-02-19,0.8,25.4
2018-02-20,0.0,29.5
2018-02-21,0.0,29.3
2018-02-22,0.0,31.0
2018-02-23,0.2,33.5
2018-02-24,0.4,31.6
2018-02-25,0.0,19.8
2018-02-26,0.0,26.5
2018-02-27,0.0,31.3
2018-02-28,0.0,30.9
2018-03-01,0.8,20.5
2018-03-02,0.4,22.8
2018-03-03,0.0,32.7
2018-03-04,0.0,21.0
2018-03-05,0.0,21.1
2018-03-06,0.0,27.6
2018-03-07,0.0,28.5
2018-03-08,0.0,30.5
2018-03-09,0.0,28.8
2018-03-10,0.0,35.1
2018-03-11,0.0,22.8
2018-03-12,0.0,20.9
2018-03-13,2.2,20.5
2018-03-14,0.0,21.3
2018-03-15,0.0,20.8
2018-03-16,0.0,24.4
2018-03-17,0.0,32.0
2018-03-18,0.0,23.1
2018-03-19,0.0,28.0
2018-03-20,0.2,19.2
2018-03-21,0.0,25.1
2018-03-22,0.0,28.1
2018-03-23,0.0,29.4
2018-03-24,0.0,24.2
2018-03-25,13.0,25.4
2018-03-26,5.2,18.5
2018-03-27,1.2,22.6
2018-03-28,0.0,30.3
2018-03-29,0.0,21.8
2018-03-30,0.0,23.3
2018-03-31,0.0,22.4
2018-04-01,0.0,27.7
2018-04-02,0.0,20.9
2018-04-03,0.0,19.8
2018-04-04,0.0,20.6
2018-04-05,0.0,18.7
2018-04-06,0.0,21.2
2018-04-07,0.0,21.6
2018-04-08,0.0,29.9
2018-04-09,0.0,25.7
2018-04-10,0.0,28.8
2018-04-11,0.0,27.3
2018-04-12,0.0,26.5
2018-04-13,0.0,25.9
2018-04-14,0.0,16.1
2018-04-15,12.2,19.1
2018-04-16,3.0,21.0
2018-04-17,0.6,16.6
2018-04-18,0.0,19.4
2018-04-19,0.0,22.3
2018-04-20,0.0,20.2
2018-04-21,0.0,22.8
2018-04-22,0.0,20.4
2018-04-23,0.0,26.9
2018-04-24,0.0,24.6
2018-04-25,0.6,20.1
2018-04-26,0.0,17.5
2018-04-27,0.0,17.8
2018-04-28,0.0,18.3
2018-04-29,0.0,18.0
2018-04-30,0.0,19.6
2018-05-01,0.0,23.4
2018-05-02,0.0,23.2
2018-05-03,0.0,24.4
2018-05-04,6.2,17.2
2018-05-05,2.6,21.6
2018-05-06,0.0,21.7
2018-05-07,0.0,19.5
2018-05-08,0.2,17.9
2018-05-09,0.0,18.4
2018-05-10,8.0,12.8
2018-05-11,18.6,15.1
2018-05-12,8.4,16.9
2018-05-13,4.0,16.2
2018-05-14,0.0,15.9
2018-05-15,0.0,14.6
2018-05-16,2.0,14.3
2018-05-17,0.0,15.0
2018-05-18,0.2,17.7
2018-05-19,2.6,15.5
2018-05-20,0.0,16.2
2018-05-21,2.4,16.7
2018-05-22,0.0,17.0
2018-05-23,4.6,15.3
2018-05-24,0.0,16.1
2018-05-25,0.0,14.9
2018-05-26,0.0,20.5
2018-05-27,0.0,20.7
2018-05-28,0.0,20.5
2018-05-29,0.8,17.9
2018-05-30,0.0,15.1
2018-05-31,5.0,14.8
2018-06-01,0.0,13.3
2018-06-02,0.2,13.6
2018-06-03,0.0,13.8
2018-06-04,0.0,14.4
2018-06-05,1.6,15.0
2018-06-06,0.4,19.1
2018-06-07,0.2,17.8
2018-06-08,0.6,13.6
2018-06-09,3.0,15.6
2018-06-10,0.0,15.3
2018-06-11,0.2,17.6
2018-06-12,0.4,16.6
2018-06-13,0.0,14.1
2018-06-14,5.6,14.5
2018-06-15,4.6,14.0
2018-06-16,2.2,13.1
2018-06-17,15.6,13.1
2018-06-18,7.2,12.0
2018-06-19,0.4,14.5
2018-06-20,0.2,15.3
2018-06-21,0.0,15.1
2018-06-22,0.0,15.0
2018-06-23,0.0,12.8
2018-06-24,0.0,13.1
2018-06-25,0.0,12.6
2018-06-26,0.0,14.1
2018-06-27,0.2,11.2
2018-06-28,0.0,10.6
2018-06-29,0.2,12.5
2018-06-30,0.4,14.2
2018-07-01,0.4,14.7
2018-07-02,0.0,14.6
2018-07-03,0.0,14.3
2018-07-04,0.0,17.1
2018-07-05,0.4,18.7
2018-07-06,0.0,15.2
2018-07-07,1.2,12.9
2018-07-08,0.8,13.9
2018-07-09,1.2,13.8
2018-07-10,0.0,11.5
2018-07-11,0.0,11.6
2018-07-12,0.0,11.3
2018-07-13,0.2,13.9
2018-07-14,0.0,15.5
2018-07-15,0.0,13.8
2018-07-16,0.0,12.6
2018-07-17,0.0,17.5
2018-07-18,1.2,15.2
2018-07-19,0.0,17.6
2018-07-20,4.4,12.1
2018-07-21,0.2,14.0
2018-07-22,0.0,14.8
2018-07-23,0.2,15.4
2018-07-24,0.6,15.6
2018-07-25,6.2,15.7
2018-07-26,0.0,15.1
2018-07-27,0.0,19.5
2018-07-28,0.0,18.6
2018-07-29,2.0,14.6
2018-07-30,0.4,12.6
2018-07-31,0.0,16.2
2018-08-01,1.6,14.8
2018-08-02,0.0,16.1
2018-08-03,0.0,18.4
2018-08-04,1.6,15.3
2018-08-05,0.0,17.6
2018-08-06,0.0,13.8
2018-08-07,0.0,14.8
2018-08-08,1.0,16.0
2018-08-09,2.2,15.4
2018-08-10,0.0,20.0
2018-08-11,10.4,14.7
2018-08-12,4.6,14.8
2018-08-13,0.0,14.9
2018-08-14,0.2,16.7
2018-08-15,0.0,18.4
2018-08-16,0.2,14.7
2018-08-17,0.0,15.9
2018-08-18,2.2,13.8
2018-08-19,9.2,11.9
2018-08-20,2.0,12.4
2018-08-21,1.2,12.4
2018-08-22,1.0,14.0
2018-08-23,0.0,16.0
2018-08-24,0.0,15.4
2018-08-25,0.0,15.2
2018-08-26,0.0,14.7
2018-08-27,3.6,12.9
2018-08-28,0.2,11.2
2018-08-29,0.0,12.5
2018-08-30,0.0,16.7
2018-08-31,1.6,16.0
2018-09-01,2.2,13.4
2018-09-02,3.0,12.3
2018-09-03,0.0,13.1
2018-09-04,0.0,19.5
2018-09-05,0.0,20.2
2018-09-06,0.0,20.6
2018-09-07,3.4,15.1
2018-09-08,0.2,17.5
2018-09-09,0.0,18.1
2018-09-10,0.0,18.0
2018-09-11,0.0,24.2
2018-09-12,0.0,18.5
2018-09-13,0.0,19.7
2018-09-14,0.0,22.7
2018-09-15,0.2,13.7
2018-09-16,2.0,14.0
2018-09-17,0.0,18.1
2018-09-18,0.0,20.3
2018-09-19,3.0,14.7
2018-09-20,0.8,17.4
2018-09-21,0.0,18.9
2018-09-22,0.0,17.3
2018-09-23,0.2,13.7
2018-09-24,0.0,14.9
2018-09-25,0.0,13.6
2018-09-26,0.0,17.6
2018-09-27,0.0,24.2
2018-09-28,0.0,15.2
2018-09-29,1.2,14.0
2018-09-30,0.2,16.5
2018-10-01,0.0,23.3
2018-10-02,0.0,25.8
2018-10-03,0.0,18.1
2018-10-04,0.0,14.6
2018-10-05,0.0,20.5
2018-10-06,0.0,23.8
2018-10-07,0.0,24.7
2018-10-08,0.0,28.2
2018-10-11,0.0,20.7
2018-10-12,0.0,22.7
2018-10-13,0.0,24.9
2018-10-14,0.0,27.3
2018-10-15,0.0,27.5
2018-10-16,0.2,23.1
2018-10-17,5.2,22.6
2018-10-18,2.0,20.7
2018-10-19,0.0,27.4
2018-10-20,5.0,16.1
2018-10-21,5.6,19.2
2018-10-22,0.0,27.0
2018-10-23,0.0,18.8
2018-10-24,0.0,15.5
2018-10-25,0.0,19.5
2018-10-26,0.0,18.3
2018-10-27,0.0,19.6
2018-10-28,0.0,15.9
2018-10-29,0.0,17.0
2018-10-30,0.0,25.2
2018-10-31,0.0,19.5
2018-11-01,0.0,34.3
2018-11-02,0.0,31.6
2018-11-03,0.2,20.9
2018-11-04,0.0,20.9
2018-11-05,2.8,28.6
2018-11-06,4.4,21.4
2018-11-07,35.8,17.2
2018-11-08,3.0,17.0
2018-11-09,0.0,20.0
2018-11-10,0.0,20.3
2018-11-11,0.2,19.6
2018-11-12,0.0,30.2
2018-11-13,0.0,30.5
2018-11-14,6.2,17.3
2018-11-15,0.2,18.1
2018-11-16,0.0,19.0
2018-11-17,0.0,18.1
2018-11-18,0.0,26.6
2018-11-19,0.0,30.9
2018-11-20,0.0,27.6
2018-11-21,24.2,23.2
2018-11-22,6.2,16.4
2018-11-23,6.0,14.5
2018-11-24,7.0,16.9
2018-11-25,0.8,18.8
2018-11-26,0.0,18.6
2018-11-27,0.2,20.0
2018-11-28,0.0,20.8
2018-11-29,0.6,18.7
2018-11-30,0.0,20.8
2018-12-01,0.0,31.7
2018-12-02,10.4,19.5
2018-12-03,0.0,23.6
2018-12-04,0.0,20.5
2018-12-05,0.0,25.2
2018-12-06,0.0,35.5
2018-12-07,0.0,38.0
2018-12-08,0.0,30.3
2018-12-09,1.2,20.1
2018-12-10,0.0,20.6
2018-12-11,0.0,23.6
2018-12-12,0.0,33.6
2018-12-13,16.2,21.1
2018-12-14,16.6,22.7
2018-12-15,41.2,24.8
2018-12-16,3.8,23.5
2018-12-17,2.0,21.8
2018-12-18,0.0,20.8
2018-12-19,0.0,26.9
2018-12-20,0.0,21.2
2018-12-21,1.0,20.9
2018-12-22,9.8,19.1
2018-12-23,0.0,26.9
2018-12-24,0.0,34.2
2018-12-25,0.0,23.9
2018-12-26,0.0,23.8
2018-12-27,0.0,37.4
2018-12-28,0.0,36.4
2018-12-29,1.2,23.9
2018-12-30,0.6,22.7
2018-12-31,0.8,23.5
2019-01-01,0.0,26.2
2019-01-02,0.0,22.2
2019-01-03,0.0,29.5
2019-01-04,0.0,42.6
2019-01-05,0.4,21.2
2019-01-06,1.4,22.1
2019-01-07,0.0,23.1
2019-01-08,0.0,24.1
2019-01-09,0.6,20.5
2019-01-10,0.0,21.4
2019-01-11,0.0,30.4
2019-01-12,0.0,24.7
2019-01-13,0.0,30.5
2019-01-14,0.0,32.3
2019-01-15,0.0,30.4
2019-01-16,0.0,26.7
2019-01-17,0.0,32.5
2019-01-18,0.2,28.7
2019-01-19,2.0,23.5
2019-01-20,0.0,22.9
2019-01-21,0.0,25.1
2019-01-22,0.0,26.8
2019-01-23,0.0,23.9
2019-01-24,0.0,40.8
2019-01-25,0.0,42.8
2019-01-26,0.0,26.1
2019-01-27,0.0,27.8
2019-01-28,0.0,34.5
2019-01-29,0.0,36.8
2019-01-30,0.0,38.1
2019-01-31,6.6,21.5
2019-02-01,0.0,24.2
2019-02-02,0.0,34.4
2019-02-03,0.0,38.2
2019-02-04,0.0,22.7
2019-02-05,0.0,26.9
2019-02-06,0.0,34.7
2019-02-07,11.0,28.3
2019-02-08,0.0,23.1
2019-02-09,0.0,19.7
2019-02-10,4.8,23.3
2019-02-11,0.0,27.5
2019-02-12,0.0,21.5
2019-02-13,2.8,19.2
2019-02-14,0.0,23.2
2019-02-15,0.0,22.8
2019-02-16,0.0,23.2
2019-02-17,0.0,29.0
2019-02-18,0.0,23.6
2019-02-19,0.0,20.2
2019-02-20,0.0,23.2
2019-02-21,0.0,20.4
2019-02-22,0.0,21.2
2019-02-23,0.0,25.8
2019-02-24,0.0,32.9
2019-02-25,0.0,34.2
2019-02-26,0.0,22.3
2019-02-27,0.0,25.7
2019-02-28,0.0,36.8
2019-03-01,0.0,38.1
2019-03-02,0.0,36.3
2019-03-03,0.0,36.0
2019-03-04,0.0,24.6
2019-03-05,0.0,24.3
2019-03-06,1.6,17.2
2019-03-07,2.0,22.1
2019-03-08,0.0,26.8
2019-03-09,0.0,24.7
2019-03-10,0.0,23.7
2019-03-11,0.2,21.8
2019-03-12,0.0,19.2
2019-03-13,0.0,18.6
2019-03-14,0.2,20.8
2019-03-15,0.0,22.2
2019-03-16,0.0,25.6
2019-03-17,0.0,25.6
2019-03-18,0.0,28.2
2019-03-19,0.0,23.4
2019-03-20,0.0,23.4
2019-03-21,0.0,24.3
2019-03-22,0.0,28.6
2019-03-23,1.8,31.3
2019-03-24,2.0,29.3
2019-03-25,0.2,19.0
2019-03-26,0.0,20.3
2019-03-27,0.0,21.7
2019-03-28,0.0,27.9
2019-03-29,0.0,28.5
2019-03-30,1.8,15.6
2019-03-31,2.2,18.5
2019-04-01,0.2,17.1
2019-04-02,0.0,25.9
2019-04-03,0.0,24.7
2019-04-04,0.0,21.9
2019-04-05,0.0,28.5
2019-04-06,0.0,20.1
2019-04-07,0.0,26.5
2019-04-08,0.0,23.1
2019-04-09,1.6,16.3
2019-04-10,1.4,15.8
2019-04-11,0.0,17.3
2019-04-12,0.2,24.9
2019-04-13,0.0,20.7
2019-04-14,0.0,22.5
2019-04-15,0.0,27.4
2019-04-16,0.0,30.3
2019-04-17,0.0,30.0
2019-04-18,0.0,17.7
2019-04-19,0.0,22.1
2019-04-20,0.0,30.2
2019-04-21,0.0,27.0
2019-04-22,0.8,17.6
2019-04-23,0.0,18.5
2019-04-24,0.0,23.2
2019-04-25,0.0,21.5
2019-04-26,3.0,15.8
2019-04-27,0.0,16.2
2019-04-28,0.0,17.4
2019-04-29,0.0,18.1
2019-04-30,0.0,23.1
2019-05-01,0.0,22.8
2019-05-02,3.6,20.2
2019-05-03,0.2,20.7
2019-05-04,0.2,16.4
2019-05-05,2.0,16.3
2019-05-06,0.2,16.7
2019-05-07,0.0,18.7
2019-05-08,5.2,17.4
2019-05-09,0.6,16.2
2019-05-10,7.2,14.2
2019-05-11,8.2,16.4
2019-05-12,0.0,17.7
2019-05-13,0.0,18.1
2019-05-14,0.0,20.2
2019-05-15,0.0,15.8
2019-05-16,0.0,16.1
2019-05-17,0.0,18.6
2019-05-18,0.0,21.5
2019-05-19,0.2,21.8
2019-05-20,0.4,19.6
2019-05-21,0.4,20.4
2019-05-22,0.0,22.3
2019-05-23,0.0,21.3
2019-05-24,0.0,20.2
2019-05-25,1.6,19.8
2019-05-26,6.6,15.1
2019-05-27,8.2,14.0
2019-05-28,0.2,15.7
2019-05-29,1.2,10.6
2019-05-30,5.8,13.3
2019-05-31,1.4,14.3
2019-06-01,2.4,14.6
2019-06-02,0.0,14.5
2019-06-03,15.4,12.0
2019-06-04,3.2,12.9
2019-06-05,0.0,13.0
2019-06-06,0.0,14.8
2019-06-07,0.0,16.6
2019-06-08,0.0,18.7
2019-06-09,0.0,18.0
2019-06-10,3.0,19.2
2019-06-11,0.0,17.9
2019-06-12,0.6,16.5
2019-06-13,2.6,17.4
2019-06-14,2.2,17.3
2019-06-15,2.6,15.2
2019-06-16,0.0,16.7
2019-06-17,3.4,17.9
2019-06-18,0.0,13.7
2019-06-19,0.8,11.9
2019-06-20,1.6,11.3
2019-06-21,3.0,12.6
2019-06-22,0.4,11.8
2019-06-23,1.2,9.6
2019-06-24,0.0,16.0
2019-06-25,0.0,17.0
2019-06-26,0.2,18.0
2019-06-27,0.0,17.5
2019-06-28,0.0,19.5
2019-06-29,0.8,17.6
2019-06-30,6.4,14.5
2019-07-01,0.0,14.1
2019-07-02,0.0,15.9
2019-07-03,0.0,13.7
2019-07-04,0.0,13.5
2019-07-05,0.0,19.1
2019-07-06,0.0,19.4
2019-07-07,0.2,18.2
2019-07-08,5.2,16.0
2019-07-09,0.2,15.0
2019-07-10,0.2,15.4
2019-07-11,6.4,14.3
2019-07-12,2.4,15.7
2019-07-13,4.4,12.0
2019-07-14,0.8,13.1
2019-07-15,4.4,14.3
2019-07-16,1.8,13.9
2019-07-17,0.0,13.7
2019-07-18,0.4,14.3
2019-07-19,1.6,15.7
2019-07-20,0.0,17.1
2019-07-21,0.0,16.6
2019-07-22,0.0,15.6
2019-07-23,1.6,15.2
2019-07-24,8.0,14.4
2019-07-25,0.0,14.8
2019-07-26,0.0,14.0
2019-07-27,6.8,15.3
2019-07-28,0.0,15.1
2019-07-29,0.0,14.6
2019-07-30,0.8,12.5
2019-07-31,0.0,12.5
2019-08-01,0.0,13.8
2019-08-02,0.4,12.7
2019-08-03,0.0,13.9
2019-08-04,1.0,13.1
2019-08-05,0.0,15.8
2019-08-06,0.4,13.5
2019-08-07,0.0,14.1
2019-08-08,10.8,13.9
2019-08-09,2.0,10.1
2019-08-10,4.2,12.5
2019-08-11,6.0,12.9
2019-08-12,8.8,12.0
2019-08-13,0.0,13.1
2019-08-14,0.2,13.8
2019-08-15,0.0,16.2
2019-08-16,0.0,16.9
2019-08-17,3.8,16.5
2019-08-18,0.0,19.4
2019-08-19,4.0,12.3
2019-08-20,0.4,17.0
2019-08-21,0.2,16.6
2019-08-22,1.6,13.0
2019-08-23,0.0,15.1
2019-08-24,0.0,18.0
2019-08-25,1.2,12.9
2019-08-26,0.0,14.4
2019-08-27,0.0,15.3
2019-08-28,0.0,13.4
2019-08-29,6.2,13.0
2019-08-30,0.2,15.3
2019-08-31,0.0,18.2
2019-09-01,0.0,19.6
2019-09-02,2.4,17.6
2019-09-03,0.6,19.6
2019-09-04,0.0,18.7
2019-09-05,3.4,21.2
2019-09-06,2.0,16.0
2019-09-07,1.0,12.9
2019-09-08,0.6,15.1
2019-09-09,5.6,12.8
2019-09-10,2.6,14.8
2019-09-11,0.0,20.8
2019-09-12,0.0,20.8
2019-09-13,0.0,18.6
2019-09-14,0.0,20.0
2019-09-15,1.6,21.8
2019-09-16,13.0,12.8
2019-09-17,0.0,14.8
2019-09-18,0.0,18.9
2019-09-19,0.0,24.0
2019-09-20,0.0,26.2
2019-09-21,0.0,19.4
2019-09-22,4.6,15.5
2019-09-23,2.0,15.2
2019-09-24,1.4,15.1
2019-09-25,0.0,16.6
2019-09-26,0.0,20.3
2019-09-27,0.0,18.8
2019-09-28,0.2,14.9
2019-09-29,0.0,15.8
2019-09-30,0.0,14.1
2019-10-01,0.0,20.5
2019-10-02,0.0,26.5
2019-10-03,0.0,29.7
2019-10-04,0.0,15.2
2019-10-05,1.8,24.3
2019-10-06,0.0,24.8
2019-10-07,0.0,16.4
2019-10-08,2.6,14.2
2019-10-09,5.8,15.0
2019-10-10,0.2,14.7
2019-10-11,0.0,18.9
2019-10-12,0.0,20.4
2019-10-13,0.0,23.1
2019-10-14,0.2,26.7
2019-10-15,0.0,18.0
2019-10-16,0.0,20.4
2019-10-17,4.4,15.2
2019-10-18,0.8,22.1
2019-10-19,0.8,15.3
2019-10-20,0.8,16.4
2019-10-21,0.0,17.0
2019-10-22,0.0,19.6
2019-10-23,0.0,27.9
2019-10-24,0.2,33.8
2019-10-25,0.0,21.6
2019-10-26,3.8,15.5
2019-10-27,1.2,17.0
2019-10-28,1.4,21.6
2019-10-29,0.0,30.5
2019-10-30,0.0,25.1
2019-10-31,0.0,33.7
2019-11-01,0.0,34.3
2019-11-02,4.2,18.9
2019-11-03,12.4,20.7
2019-11-04,1.2,16.2
2019-11-05,10.2,19.6
2019-11-06,0.0,24.1
2019-11-07,0.0,17.7
2019-11-08,6.8,15.0
2019-11-09,6.4,14.2
2019-11-10,0.2,18.1
2019-11-11,0.0,29.6
2019-11-12,0.6,17.4
2019-11-13,1.6,17.3
2019-11-14,0.8,22.4
2019-11-15,0.0,18.5
2019-11-16,0.0,17.2
2019-11-17,0.0,16.2
2019-11-18,0.0,26.9
2019-11-19,0.0,18.6
2019-11-20,0.0,34.7
2019-11-21,0.0,40.9
2019-11-22,0.0,20.0
2019-11-23,0.0,23.8
2019-11-24,0.0,23.7
2019-11-25,0.0,27.4
2019-11-26,2.0,16.4
2019-11-27,0.0,24.8
2019-11-28,0.0,21.1
2019-11-29,0.0,19.7
2019-11-30,8.0,18.4
2019-12-01,0.0,16.8
2019-12-02,3.4,15.5
2019-12-03,0.4,22.2
2019-12-04,0.0,23.0
2019-12-05,0.0,23.9
2019-12-06,0.0,20.8
2019-12-07,0.0,21.0
2019-12-08,0.0,27.6
2019-12-09,0.0,38.0
2019-12-10,0.0,17.2
2019-12-11,0.0,18.1
2019-12-12,0.0,18.4
2019-12-13,0.0,20.9
2019-12-14,0.0,20.1
2019-12-15,0.0,21.7
2019-12-16,0.0,22.6
2019-12-17,0.0,26.3
2019-12-18,0.0,40.1
2019-12-19,0.0,23.3
2019-12-20,0.0,43.5
2019-12-21,0.0,20.2
2019-12-22,0.0,19.6
2019-12-23,0.0,20.0
2019-12-24,0.0,24.5
2019-12-25,0.0,27.9
2019-12-26,0.0,20.5
2019-12-27,0.0,23.9
2019-12-28,0.0,28.4
2019-12-29,0.0,33.2
2019-12-30,0.0,40.8
2019-12-31,2.4,21.2
2020-01-01,0.0,24.9
2020-01-02,0.0,25.0
2020-01-03,0.0,36.6
2020-01-04,0.0,26.8
2020-01-05,2.2,16.7
2020-01-06,8.2,18.0
2020-01-07,1.2,20.1
2020-01-08,0.0,23.8
2020-01-09,0.0,31.9
2020-01-10,0.0,32.9
2020-01-11,15.6,19.3
2020-01-12,0.0,19.9
2020-01-13,0.0,32.2
2020-01-14,0.0,33.8
2020-01-15,0.0,36.8
2020-01-16,19.6,19.6
2020-01-17,0.0,24.8
2020-01-18,0.0,29.4
2020-01-19,0.0,25.5
2020-01-20,0.4,21.8
2020-01-21,44.0,23.5
2020-01-22,0.0,31.7
2020-01-23,22.8,22.6
2020-01-24,1.2,24.1
2020-01-25,0.0,27.4
2020-01-26,0.0,23.6
2020-01-27,0.0,23.1
2020-01-28,0.0,25.4
2020-01-29,0.0,31.5
2020-01-30,0.0,39.4
2020-01-31,0.0,42.9
2020-02-01,0.8,29.3
2020-02-02,14.8,25.1
2020-02-03,0.0,17.7
2020-02-04,0.0,19.7
2020-02-05,0.0,20.1
2020-02-06,0.0,25.5
2020-02-07,0.0,23.2
2020-02-08,0.0,29.4
2020-02-09,0.0,28.2
2020-02-10,0.6,27.7
2020-02-11,0.0,25.9
2020-02-12,0.0,27.7
2020-02-13,0.0,31.7
2020-02-14,0.0,33.7
2020-02-15,5.4,19.3
2020-02-16,2.8,26.4
2020-02-17,0.0,25.6
2020-02-18,0.0,21.8
2020-02-19,38.0,19.7
2020-02-20,3.2,18.7
2020-02-21,2.8,19.6
2020-02-22,0.0,21.1
2020-02-23,0.0,34.0
2020-02-24,0.0,23.7
2020-02-25,3.6,31.6
2020-02-26,4.0,19.2
2020-02-27,0.2,19.7
2020-02-28,0.0,20.1
2020-02-29,0.0,22.4
2020-03-01,0.0,32.1
2020-03-02,3.0,18.4
2020-03-03,0.0,19.5
2020-03-04,0.0,23.5
2020-03-05,54.6,20.3
2020-03-06,7.0,19.0
2020-03-07,0.2,20.0
2020-03-08,0.0,22.4
2020-03-09,0.0,21.0
2020-03-10,0.0,22.3
2020-03-11,0.0,29.5
2020-03-12,0.0,29.5
2020-03-13,0.0,26.8
2020-03-14,0.6,17.9
2020-03-15,0.0,18.8
2020-03-16,0.0,26.5
2020-03-17,0.0,28.2
2020-03-18,0.0,28.3
2020-03-19,0.0,30.4
2020-03-20,0.0,22.7
2020-03-21,0.0,18.4
2020-03-22,0.0,18.3
2020-03-23,0.4,17.1
2020-03-24,0.0,17.9
2020-03-25,0.0,17.5
2020-03-26,0.0,19.8
2020-03-27,0.0,27.6
2020-03-28,0.0,27.5
2020-03-29,0.0,26.4
2020-03-30,5.2,21.7
2020-03-31,0.0,21.4
2020-04-01,0.0,23.1
2020-04-02,23.0,20.7
2020-04-03,15.8,23.2
2020-04-04,35.2,16.6
2020-04-05,4.4,16.9
2020-04-06,6.2,16.5
2020-04-07,1.4,16.4
2020-04-08,1.2,18.6
2020-04-09,0.0,21.2
2020-04-10,0.2,22.0
2020-04-11,2.4,15.7
2020-04-12,2.4,15.3
2020-04-13,0.0,18.3
2020-04-14,0.6,23.4
2020-04-15,0.0,23.5
2020-04-16,0.2,21.5
2020-04-17,0.0,18.4
2020-04-18,0.0,16.4
2020-04-19,0.0,19.4
2020-04-20,3.4,20.8
2020-04-21,0.0,19.6
2020-04-22,0.0,18.2
2020-04-23,0.0,19.7
2020-04-24,0.4,22.3
2020-04-25,0.0,21.7
2020-04-26,14.0,17.7
2020-04-27,0.6,18.1
2020-04-28,0.0,18.9
2020-04-29,3.4,19.8
2020-04-30,23.6,15.5
2020-05-01,8.0,13.0
2020-05-02,1.4,14.2
2020-05-03,1.8,15.0
2020-05-04,0.2,14.8
2020-05-05,0.4,19.5
2020-05-06,0.0,20.1
2020-05-07,0.0,21.1
2020-05-08,0.0,19.6
2020-05-09,0.6,14.0
2020-05-10,7.0,14.5
2020-05-11,0.6,17.1
2020-05-12,0.2,14.8
2020-05-13,1.4,14.5
2020-05-14,2.8,14.7
2020-05-15,0.0,15.3
2020-05-16,0.0,18.0
2020-05-17,0.0,18.5
2020-05-18,0.0,19.4
2020-05-19,0.0,17.7
2020-05-20,15.6,15.8
2020-05-21,12.4,13.7
2020-05-22,11.4,13.6
2020-05-23,0.0,13.5
2020-05-24,3.0,13.8
2020-05-25,0.0,16.0
2020-05-26,0.0,18.5
2020-05-27,0.0,17.1
2020-05-28,0.0,17.6
2020-05-29,0.0,17.1
2020-05-30,0.0,17.1
2020-05-31,0.0,17.8
2020-06-01,5.0,11.2
2020-06-02,11.6,15.6
2020-06-03,0.6,14.1
2020-06-04,0.0,13.8
2020-06-05,0.0,14.6
2020-06-06,0.0,13.3
2020-06-07,0.0,11.8
2020-06-08,0.0,12.6
2020-06-09,0.2,15.3
2020-06-10,0.0,16.7
2020-06-11,0.0,16.9
2020-06-12,0.0,15.3
2020-06-13,0.0,16.4
2020-06-14,5.8,15.2
2020-06-15,0.0,18.4
2020-06-16,0.0,17.9
2020-06-17,0.4,14.6
2020-06-18,0.0,16.9
2020-06-19,0.0,17.8
2020-06-20,1.4,16.9
2020-06-21,0.0,12.0
2020-06-22,0.0,13.0
2020-06-23,2.2,14.4
2020-06-24,0.4,14.9
2020-06-25,0.0,15.9
2020-06-26,1.2,13.8
2020-06-27,0.0,13.1
2020-06-28,0.2,12.5
2020-06-29,0.0,15.4
2020-06-30,0.0,15.2
2020-07-01,0.0,17.4
2020-07-02,1.2,15.1
2020-07-03,0.0,10.3
2020-07-04,7.8,14.5
2020-07-05,4.6,12.5
2020-07-06,1.0,13.1
2020-07-07,1.4,11.8
2020-07-08,0.0,15.7
2020-07-09,0.0,17.2
2020-07-10,0.0,16.9
2020-07-11,0.0,11.4
2020-07-12,6.8,14.2
2020-07-13,3.4,15.1
2020-07-14,0.0,14.2
2020-07-15,0.2,14.7
2020-07-16,0.0,11.5
2020-07-17,0.0,12.8
2020-07-18,0.0,12.5
2020-07-19,0.0,15.3
2020-07-20,0.6,13.8
2020-07-21,0.4,12.9
2020-07-22,0.0,13.3
2020-07-23,2.2,12.0
2020-07-24,0.0,13.5
2020-07-25,0.0,12.2
2020-07-26,0.0,12.8
2020-07-27,0.0,13.5
2020-07-28,0.4,15.6
2020-07-29,0.0,16.3
2020-07-30,0.0,14.2
2020-07-31,0.0,17.1
2020-08-01,0.0,16.4
2020-08-02,0.0,18.2
2020-08-03,0.0,16.0
2020-08-04,1.2,10.5
2020-08-05,5.8,11.3
2020-08-06,0.8,12.8
2020-08-07,0.0,12.7
2020-08-08,6.8,14.9
2020-08-09,0.2,15.8
2020-08-10,0.0,14.8
2020-08-11,0.0,15.8
2020-08-12,0.8,15.9
2020-08-13,1.2,18.1
2020-08-14,0.8,18.1
2020-08-15,2.8,14.9
2020-08-16,0.4,15.0
2020-08-17,0.0,16.3
2020-08-18,0.2,17.2
2020-08-19,1.2,12.7
2020-08-20,3.8,15.7
2020-08-21,0.4,14.1
2020-08-22,4.4,11.1
2020-08-23,25.6,11.5
2020-08-24,2.8,12.4
2020-08-25,0.0,13.0
2020-08-26,0.0,14.5
2020-08-27,0.0,20.7
2020-08-28,1.4,17.6
2020-08-29,0.0,19.3
2020-08-30,0.0,19.8
2020-08-31,1.0,12.5
2020-09-01,0.0,15.7
2020-09-02,0.0,22.0
2020-09-03,0.0,19.9
2020-09-04,0.0,17.3
2020-09-05,0.2,16.6
2020-09-06,0.2,19.2
2020-09-07,0.0,22.9
2020-09-08,0.0,19.9
2020-09-09,1.0,15.6
2020-09-10,0.0,21.4
2020-09-11,0.0,19.4
2020-09-12,1.6,16.0
2020-09-13,11.8,17.2
2020-09-14,0.0,16.6
2020-09-15,0.0,15.8
2020-09-16,0.0,22.8
2020-09-17,0.8,15.5
2020-09-18,0.0,18.7
2020-09-19,0.0,26.3
2020-09-20,0.0,22.0
2020-09-21,0.0,19.8
2020-09-22,0.0,18.9
2020-09-23,0.2,15.1
2020-09-24,1.6,15.0
2020-09-25,3.2,11.9
2020-09-26,9.4,13.4
2020-09-27,3.0,13.4
2020-09-28,0.0,13.6
2020-09-29,0.0,21.0
2020-09-30,0.6,19.4
2020-10-01,1.8,19.5
2020-10-02,0.0,26.0
2020-10-03,0.0,29.4
2020-10-04,0.0,29.5
2020-10-05,12.8,12.7
2020-10-06,1.0,12.6
2020-10-07,3.2,17.2
2020-10-08,5.4,16.9
2020-10-09,1.2,16.7
2020-10-10,0.0,19.4
2020-10-11,0.0,16.0
2020-10-12,0.0,25.5
2020-10-13,0.2,16.6
2020-10-14,0.0,22.7
2020-10-15,0.0,24.8
2020-10-16,1.4,18.2
2020-10-17,8.4,19.2
2020-10-18,0.2,15.2
2020-10-19,0.0,15.5
2020-10-20,0.0,16.6
2020-10-21,0.0,18.1
2020-10-22,0.0,18.0
2020-10-23,0.0,19.7
2020-10-24,32.2,14.9
2020-10-25,6.4,14.6
2020-10-26,0.0,17.9
2020-10-27,0.0,19.6
2020-10-28,0.0,20.9
2020-10-29,0.0,24.3
2020-10-30,0.0,18.6
2020-10-31,0.0,16.8
2020-11-01,0.0,17.0
2020-11-02,0.0,29.5
2020-11-03,0.0,30.4
2020-11-04,0.0,22.8
2020-11-05,2.8,15.8
2020-11-06,0.2,16.6
2020-11-07,1.6,16.1
2020-11-08,0.0,19.5
2020-11-09,0.0,29.0
2020-11-10,0.0,32.0
2020-11-11,0.0,28.3
2020-11-12,4.0,25.5
2020-11-13,0.0,20.6
2020-11-14,0.2,21.0
2020-11-15,0.0,32.5
2020-11-16,0.0,24.3
2020-11-17,0.0,21.1
2020-11-18,0.0,29.5
2020-11-19,0.0,34.4
2020-11-20,0.0,20.2
2020-11-21,0.0,25.7
2020-11-22,0.0,28.2
2020-11-23,30.2,18.8
2020-11-24,6.0,20.3
2020-11-25,0.0,30.5
2020-11-26,0.0,19.4
2020-11-27,0.0,36.0
2020-11-28,0.0,22.9
2020-11-29,2.8,18.6
2020-11-30,1.0,27.2
2020-12-01,0.0,26.2
2020-12-02,0.2,18.6
2020-12-03,0.0,23.7
2020-12-04,0.0,22.9
2020-12-05,0.0,28.4
2020-12-06,1.4,20.5
2020-12-07,2.6,17.3
2020-12-08,6.0,17.1
2020-12-09,0.0,21.5
2020-12-10,0.6,17.7
2020-12-11,0.0,21.1
2020-12-12,0.0,28.1
2020-12-13,0.0,30.2
2020-12-14,0.0,33.7
2020-12-15,0.0,33.5
2020-12-16,0.0,24.6
2020-12-17,0.0,25.7
2020-12-18,7.6,18.4
2020-12-19,0.2,19.9
2020-12-20,0.0,18.9
2020-12-21,0.0,21.5
2020-12-22,13.2,20.4
2020-12-23,6.0,19.5
2020-12-24,1.0,18.7
2020-12-25,0.0,20.0
2020-12-26,0.0,27.4
2020-12-27,0.0,31.9
2020-12-28,3.2,17.8
2020-12-29,0.0,21.3
2020-12-30,0.0,21.4
2020-12-31,0.0,21.2
2021-01-01,0.0,29.9
2021-01-02,0.0,29.0
2021-01-03,12.6,26.2
2021-01-04,2.6,18.6
2021-01-05,11.2,19.1
2021-01-06,1.2,19.2
2021-01-07,0.0,25.7
2021-01-08,0.0,24.3
2021-01-09,0.0,27.9
2021-01-10,0.0,33.5
2021-01-11,0.0,36.7
2021-01-12,0.0,21.6
2021-01-13,0.0,27.0
2021-01-14,0.0,22.2
2021-01-15,0.0,20.6
2021-01-16,2.6,20.1
2021-01-17,0.0,20.2
2021-01-18,0.0,22.6
2021-01-19,0.0,18.9
2021-01-20,0.0,22.6
2021-01-21,0.0,31.6
2021-01-22,0.0,25.0
2021-01-23,0.0,26.7
2021-01-24,0.0,37.8
2021-01-25,0.0,39.2
2021-01-26,10.6,19.3
2021-01-27,0.4,25.8
2021-01-28,0.0,25.5
2021-01-29,3.6,21.6
2021-01-30,43.2,21.9
2021-01-31,0.0,21.8
2021-02-01,0.0,20.3
2021-02-02,0.0,19.3
2021-02-03,0.0,25.9
2021-02-04,0.0,30.6
2021-02-05,0.4,29.8
2021-02-06,1.6,25.4
2021-02-07,1.8,19.2
2021-02-08,0.4,19.2
2021-02-09,0.0,25.2
2021-02-10,0.0,31.5
2021-02-11,0.0,32.8
2021-02-12,4.6,23.3
2021-02-13,0.0,20.8
2021-02-14,0.0,20.0
2021-02-15,0.0,24.6
2021-02-16,0.0,31.3
2021-02-17,0.0,28.8
2021-02-18,0.0,31.8
2021-02-19,0.0,32.6
2021-02-20,0.0,23.8
2021-02-21,0.0,20.6
2021-02-22,0.0,21.8
2021-02-23,0.0,19.2
2021-02-24,0.0,20.2
2021-02-25,0.0,24.3
2021-02-26,0.4,19.7
2021-02-27,0.0,18.6
2021-02-28,0.0,26.7
2021-03-01,0.0,21.7
2021-03-02,0.0,18.1
2021-03-03,0.0,17.7
2021-03-04,0.0,21.4
2021-03-05,1.4,18.0
2021-03-06,0.0,19.4
2021-03-07,0.0,28.5
2021-03-08,0.2,19.6
2021-03-09,5.4,19.6
2021-03-10,0.2,20.1
2021-03-11,0.0,24.7
2021-03-12,0.0,30.3
2021-03-13,0.0,27.2
2021-03-14,17.2,17.7
2021-03-15,0.0,22.2
2021-03-16,0.0,20.6
2021-03-17,0.0,26.4
2021-03-18,0.0,24.9
2021-03-19,0.0,26.1
2021-03-20,0.0,26.0
2021-03-21,1.2,21.7
2021-03-22,5.6,24.2
2021-03-23,13.8,22.0
2021-03-24,0.6,20.3
2021-03-25,4.6,21.1
2021-03-26,0.2,22.0
2021-03-27,3.4,21.3
2021-03-28,0.0,20.2
2021-03-29,1.0,18.2
2021-03-30,0.0,18.9
2021-03-31,0.0,22.8
2021-04-01,0.0,29.9
2021-04-02,0.0,30.6
2021-04-03,0.0,31.6
2021-04-04,0.0,24.5
2021-04-05,0.0,19.0
2021-04-06,0.0,20.2
2021-04-07,0.0,23.0
2021-04-08,0.0,29.3
2021-04-09,6.2,17.3
2021-04-10,0.2,18.3
2021-04-11,3.4,14.5
2021-04-12,10.0,16.8
2021-04-13,0.6,20.0
2021-04-14,0.0,20.8
2021-04-15,0.0,20.2
2021-04-16,1.0,15.1
2021-04-17,0.0,17.7
2021-04-18,0.0,18.8
2021-04-19,0.0,20.6
2021-04-20,0.0,18.7
2021-04-21,10.4,14.9
2021-04-22,0.0,17.0
2021-04-23,0.4,17.3
2021-04-24,0.0,18.3
2021-04-25,2.6,17.8
2021-04-26,1.2,17.9
2021-04-27,0.6,16.6
2021-04-28,0.4,16.9
2021-04-29,0.0,18.4
2021-04-30,0.0,24.4
2021-05-01,0.0,24.6
2021-05-02,0.0,26.0
2021-05-03,0.2,18.2
2021-05-04,30.8,15.5
2021-05-05,0.0,17.3
2021-05-06,0.0,22.2
2021-05-07,0.2,21.5
2021-05-08,0.0,19.8
2021-05-09,0.4,20.5
2021-05-10,0.2,16.9
2021-05-11,15.8,16.3
2021-05-12,0.8,18.5
2021-05-13,0.0,17.6
2021-05-14,4.2,15.6
2021-05-15,7.4,12.9
2021-05-16,0.2,15.5
2021-05-17,0.4,15.4
2021-05-18,0.0,16.0
2021-05-19,0.0,18.5
2021-05-20,0.0,17.0
2021-05-21,0.0,17.7
2021-05-22,0.0,19.2
2021-05-23,0.0,20.2
2021-05-24,0.0,19.9
2021-05-25,0.0,20.9
2021-05-26,5.0,14.7
2021-05-27,0.4,15.0
2021-05-28,0.4,13.8
2021-05-29,0.0,13.1
2021-05-30,0.0,14.5
2021-05-31,0.0,16.1
2021-06-01,0.0,15.7
2021-06-02,0.0,19.6
2021-06-03,0.2,16.9
2021-06-04,2.0,13.6
2021-06-05,0.0,12.9
2021-06-06,0.0,14.7
2021-06-07,0.0,17.2
2021-06-08,3.0,13.2
2021-06-09,4.0,14.7
2021-06-10,12.0,15.1
2021-06-11,0.4,15.0
2021-06-12,9.4,16.5
2021-06-13,0.0,15.9
2021-06-14,0.0,16.4
2021-06-15,0.0,15.6
2021-06-16,1.8,16.0
2021-06-17,0.8,12.9
2021-06-18,1.6,13.2
2021-06-19,2.2,16.2
2021-06-20,0.0,14.5
2021-06-21,0.2,15.4
2021-06-22,0.0,16.3
2021-06-23,0.0,15.3
2021-06-24,0.0,16.7
2021-06-25,0.6,13.2
2021-06-26,5.6,13.4
2021-06-27,0.0,15.3
2021-06-28,0.0,15.1
2021-06-29,0.0,16.7
2021-06-30,0.0,16.9
2021-07-01,0.0,17.2
2021-07-02,0.2,14.5
2021-07-03,6.6,10.6
2021-07-04,0.2,13.1
2021-07-05,0.4,13.1
2021-07-06,0.0,13.2
2021-07-07,0.0,13.1
2021-07-10,0.0,14.2
2021-07-11,0.0,16.1
2021-07-12,0.0,16.1
2021-07-13,0.4,14.4
2021-07-14,2.2,13.9
2021-07-15,3.0,17.1
2021-07-16,0.2,15.2
2021-07-17,0.2,13.7
2021-07-18,4.2,14.2
2021-07-19,0.0,13.0
2021-07-20,0.6,11.4
2021-07-21,10.8,13.6
2021-07-22,0.6,11.8
2021-07-23,0.0,11.3
2021-07-24,0.0,14.4
2021-07-25,0.8,13.0
2021-07-26,0.0,16.4
2021-07-27,0.0,17.1
2021-07-28,0.0,16.8
2021-07-29,0.8,15.4
2021-07-30,0.0,14.9
2021-07-31,0.0,18.1
2021-08-01,18.0,15.7
2021-08-02,0.0,15.4
2021-08-03,4.8,14.5
2021-08-04,0.6,14.5
2021-08-05,0.4,15.8
2021-08-06,0.2,14.2
2021-08-07,0.0,15.5
2021-08-08,0.6,16.4
2021-08-09,0.0,16.4
2021-08-10,0.0,17.7
2021-08-11,0.0,19.2
2021-08-12,2.8,16.6
2021-08-13,0.0,17.6
2021-08-14,0.0,18.4
2021-08-15,0.0,19.0
2021-08-16,0.2,14.4
2021-08-17,0.4,13.9
2021-08-18,0.6,15.5
2021-08-19,0.0,17.4
2021-08-20,0.8,17.3
2021-08-21,1.0,20.0
2021-08-22,0.0,22.2
2021-08-23,0.8,14.3
2021-08-24,10.4,13.1
2021-08-25,2.2,14.1
2021-08-26,1.2,12.9
2021-08-27,0.0,13.6
2021-08-28,0.0,17.8
2021-08-29,0.6,16.2
2021-08-30,4.0,17.6
2021-08-31,0.0,20.1
2021-09-01,0.0,23.5
2021-09-02,0.0,26.6
2021-09-03,0.0,23.0
2021-09-04,38.2,14.1
2021-09-05,9.6,13.6
2021-09-06,1.0,15.5
2021-09-07,0.0,16.2
2021-09-08,0.0,20.8
2021-09-09,0.0,25.8
2021-09-10,0.0,18.8
2021-09-11,0.0,22.8
2021-09-12,0.0,16.2
2021-09-13,5.6,14.3
2021-09-14,0.2,14.1
2021-09-15,0.2,15.9
2021-09-16,0.0,16.0
2021-09-17,0.0,22.2
2021-09-18,0.8,16.2
2021-09-19,0.8,18.0
2021-09-20,0.4,13.8
2021-09-21,8.0,13.2
2021-09-22,0.2,17.8
2021-09-23,0.0,21.5
2021-09-24,0.0,18.8
2021-09-25,0.0,12.8
2021-09-26,0.2,15.4
2021-09-27,0.0,19.4
2021-09-28,0.0,23.0
2021-09-29,0.0,19.3
2021-09-30,3.4,18.1
2021-10-01,21.8,22.2
2021-10-02,11.6,17.2
2021-10-03,0.0,22.0
2021-10-04,1.0,18.1
2021-10-05,2.2,17.4
2021-10-06,0.2,21.6
2021-10-07,4.0,16.4
2021-10-08,0.0,20.8
2021-10-09,0.0,24.8
2021-10-10,2.2,14.9
2021-10-11,0.4,14.4
2021-10-12,0.0,21.3
2021-10-13,0.0,18.8
2021-10-14,14.8,19.4
2021-10-15,0.6,17.1
2021-10-16,26.4,16.0
2021-10-17,0.4,17.4
2021-10-18,0.0,16.9
2021-10-19,0.8,16.4
2021-10-20,0.0,23.0
2021-10-21,0.0,25.8
2021-10-22,0.0,27.3
2021-10-23,14.6,16.1
2021-10-24,2.0,15.3
2021-10-25,0.8,15.2
2021-10-26,0.0,18.1
2021-10-27,0.0,27.2
2021-10-28,0.2,28.3
2021-10-29,5.0,15.5
2021-10-30,1.0,15.9
2021-10-31,0.4,19.6
2021-11-01,0.0,23.2
2021-11-02,0.0,29.7
2021-11-03,0.0,25.1
2021-11-04,45.4,17.5
2021-11-05,0.0,22.9
2021-11-06,0.0,27.0
2021-11-07,15.4,16.5
2021-11-08,0.2,17.4
2021-11-09,0.0,20.3
2021-11-10,10.0,15.2
2021-11-11,10.0,16.4
2021-11-12,1.0,14.0
2021-11-13,10.4,14.6
2021-11-14,1.6,15.3
2021-11-15,1.6,13.8
2021-11-16,0.2,15.0
2021-11-17,0.0,19.8
2021-11-18,0.0,26.9
2021-11-19,0.2,17.3
2021-11-20,0.0,16.9
2021-11-21,0.0,17.2
2021-11-22,0.0,20.8
2021-11-23,0.0,26.1
2021-11-24,0.0,26.6
2021-11-25,0.0,16.7
2021-11-26,0.6,20.6
2021-11-27,0.0,21.6
2021-11-28,0.0,22.1
2021-11-29,0.0,28.7
2021-11-30,0.0,31.6
2021-12-01,0.0,32.4
2021-12-02,11.8,33.0
2021-12-03,8.8,20.4
2021-12-04,0.0,18.8
2021-12-05,0.0,21.5
2021-12-06,0.0,27.4
2021-12-07,0.6,16.0
2021-12-08,2.0,17.3
2021-12-09,1.8,17.7
2021-12-10,0.0,17.9
2021-12-11,0.0,22.4
2021-12-12,0.0,28.7
2021-12-13,0.0,32.7
2021-12-14,0.0,21.0
2021-12-15,0.0,17.7
2021-12-16,0.0,19.9
2021-12-17,0.0,30.8
2021-12-18,0.0,33.5
2021-12-19,0.0,23.1
2021-12-20,1.8,28.6
2021-12-21,0.0,24.9
2021-12-22,0.0,19.8
2021-12-23,0.0,19.9
2021-12-24,0.0,26.4
2021-12-25,0.0,21.7
2021-12-26,0.0,18.8
2021-12-27,0.2,23.3
2021-12-28,0.0,22.6
2021-12-29,0.0,22.4
2021-12-30,0.0,34.4
2021-12-31,0.0,37.7
2022-01-01,0.0,37.1
2022-01-02,0.0,30.9
2022-01-03,0.0,20.3
2022-01-04,0.0,23.1
2022-01-05,0.0,29.3
2022-01-06,0.0,30.2
2022-01-07,1.4,25.8
2022-01-08,24.8,19.7
2022-01-09,0.0,21.9
2022-01-10,0.2,31.4
2022-01-11,0.0,29.7
2022-01-12,0.0,30.4
2022-01-13,0.0,34.6
2022-01-14,0.0,32.8
2022-01-15,6.0,24.2
2022-01-16,0.0,31.9
2022-01-17,0.0,24.2
2022-01-18,0.0,21.3
2022-01-19,0.0,26.7
2022-01-20,0.0,30.4
2022-01-21,0.0,29.6
2022-01-22,0.0,32.3
2022-01-23,0.0,32.6
2022-01-24,0.0,33.7
2022-01-25,0.0,31.4
2022-01-26,0.0,36.0
2022-01-27,7.0,32.8
2022-01-28,1.6,32.8
2022-01-29,38.6,21.8
2022-01-30,0.0,29.2
2022-01-31,0.0,34.0
2022-02-01,0.0,23.6
2022-02-02,3.2,19.9
2022-02-03,1.2,18.2
2022-02-04,0.2,24.5
2022-02-05,0.0,26.8
2022-02-06,0.0,27.9
2022-02-07,0.0,28.6
2022-02-08,0.0,30.5
2022-02-09,0.0,30.9
2022-02-10,0.0,22.7
2022-02-11,0.0,21.4
2022-02-12,0.0,28.3
2022-02-13,0.0,32.1
2022-02-14,0.0,31.6
2022-02-15,0.0,22.5
2022-02-16,0.0,25.8
2022-02-17,0.0,24.3
2022-02-18,0.0,21.0
2022-02-19,0.6,21.9
2022-02-20,0.0,23.8
2022-02-21,1.6,20.3
2022-02-22,0.0,22.5
2022-02-23,0.0,32.0
2022-02-24,0.0,22.7
2022-02-25,0.0,21.7
2022-02-26,0.0,29.1
2022-02-27,0.0,25.6
2022-02-28,0.0,23.9
2022-03-01,0.0,25.8
2022-03-02,6.0,29.6
2022-03-03,0.0,30.5
2022-03-04,0.0,32.5
2022-03-05,37.8,22.2
2022-03-06,4.8,21.8
2022-03-07,0.0,23.1
2022-03-08,2.0,20.7
2022-03-09,0.0,22.0
2022-03-10,0.0,20.4
2022-03-11,0.0,20.3
2022-03-12,0.0,22.6
2022-03-13,0.0,29.8
2022-03-14,0.4,28.0
2022-03-15,2.0,27.5
2022-03-16,0.0,23.2
2022-03-17,0.0,29.2
2022-03-18,0.0,21.7
2022-03-19,0.0,30.3
2022-03-20,0.0,25.0
2022-03-21,0.0,28.3
2022-03-22,0.0,22.2
2022-03-23,1.2,19.5
2022-03-24,0.0,20.3
2022-03-25,0.0,20.4
2022-03-26,0.0,22.3
2022-03-27,0.0,29.1
2022-03-28,0.0,24.4
2022-03-29,0.0,20.0
2022-03-30,0.0,20.4
2022-03-31,0.0,21.7
2022-04-01,0.0,19.1
2022-04-02,0.4,18.2
2022-04-03,1.2,17.8
2022-04-04,1.8,18.4
2022-04-05,0.0,19.9
2022-04-06,0.0,22.3
2022-04-07,0.0,22.8
2022-04-08,0.0,23.4
2022-04-09,0.0,25.1
2022-04-10,0.0,26.7
2022-04-11,1.4,18.8
2022-04-12,0.0,17.7
2022-04-13,0.0,20.0
2022-04-14,0.0,24.7
2022-04-15,0.0,26.2
2022-04-16,0.0,28.9
2022-04-17,0.0,28.0
2022-04-18,13.4,17.5
2022-04-19,13.2,15.8
2022-04-20,9.0,19.9
2022-04-21,0.6,17.1
2022-04-22,0.2,18.2
2022-04-23,0.0,17.8
2022-04-24,0.0,17.6
2022-04-25,0.0,24.2
2022-04-26,0.0,23.1
2022-04-27,0.0,22.0
2022-04-28,0.0,22.4
2022-04-29,0.0,20.8
2022-04-30,31.4,17.9
2022-05-01,0.0,19.3
2022-05-02,0.0,22.1
2022-05-03,0.0,20.7
2022-05-04,0.0,16.4
2022-05-05,0.4,14.1
2022-05-06,0.0,15.2
2022-05-07,1.6,15.3
2022-05-08,0.0,16.3
2022-05-09,0.6,16.6
2022-05-10,0.2,18.4
2022-05-11,0.0,17.5
2022-05-12,0.0,18.1
2022-05-13,0.8,17.9
2022-05-14,0.0,18.5
2022-05-15,2.0,21.8
2022-05-16,1.4,15.9
2022-05-17,3.2,15.6
2022-05-18,0.0,15.4
2022-05-19,0.2,14.7
2022-05-20,0.0,15.8
2022-05-21,0.0,14.9
2022-05-22,0.0,14.3
2022-05-23,0.0,17.1
2022-05-24,0.0,20.8
2022-05-25,0.0,19.6
2022-05-26,0.2,16.3
2022-05-27,3.4,16.6
2022-05-28,0.0,14.6
2022-05-29,0.0,16.5
2022-05-30,0.0,11.7
2022-05-31,10.2,11.4
2022-06-01,4.4,11.9
2022-06-02,10.8,13.0
2022-06-03,0.0,12.6
2022-06-04,0.0,14.9
2022-06-05,0.2,13.7
2022-06-06,2.0,13.3
2022-06-07,6.4,11.9
2022-06-08,3.6,12.8
2022-06-09,0.0,13.4
2022-06-10,0.4,14.1
2022-06-11,0.0,13.0
2022-06-12,0.2,13.3
2022-06-13,4.0,13.0
2022-06-14,0.2,13.5
2022-06-15,0.0,13.8
2022-06-16,0.4,14.4
2022-06-17,3.6,13.8
2022-06-18,0.2,15.7
2022-06-19,0.2,16.2
2022-06-20,0.0,17.7
2022-06-21,3.8,14.9
2022-06-22,1.2,15.8
2022-06-23,0.2,16.4
2022-06-24,4.8,17.3
2022-06-25,0.2,16.2
2022-06-26,0.0,13.1
2022-06-27,5.4,12.8
2022-06-28,0.2,13.4
2022-06-29,0.0,11.7
2022-06-30,0.0,14.1
2022-07-01,0.0,12.5
2022-07-02,0.0,12.5
2022-07-03,0.0,13.2
2022-07-04,0.0,13.3
2022-07-05,0.0,15.0
2022-07-06,0.0,17.6
2022-07-07,0.4,13.9
2022-07-08,2.4,11.9
2022-07-09,5.8,12.9
2022-07-10,0.6,15.9
2022-07-11,0.0,14.0
2022-07-12,1.2,11.0
2022-07-13,1.6,12.4
2022-07-14,1.6,12.6
2022-07-15,0.0,15.5
2022-07-16,0.0,13.8
2022-07-17,0.0,15.8
2022-07-18,4.0,11.4
2022-07-19,0.0,12.8
2022-07-20,0.2,11.2
2022-07-21,0.0,13.8
2022-07-22,0.0,19.0
2022-07-23,1.2,14.5
2022-07-24,7.8,19.3
2022-07-25,0.0,16.8
2022-07-26,4.4,13.2
2022-07-27,3.0,15.3
2022-07-28,1.0,13.2
2022-07-29,1.0,12.7
2022-07-30,0.0,13.0
2022-07-31,0.0,14.7
2022-08-01,0.0,15.7
2022-08-02,0.6,15.9
2022-08-03,0.8,19.2
2022-08-04,1.2,18.8
2022-08-05,0.0,14.1
2022-08-06,3.8,12.8
2022-08-07,1.4,14.2
2022-08-08,0.0,13.5
2022-08-09,0.2,12.4
2022-08-10,0.0,14.7
2022-08-11,0.0,15.7
2022-08-12,1.4,15.3
2022-08-13,0.0,16.2
2022-08-14,0.0,15.2
2022-08-15,0.0,16.7
2022-08-16,3.2,13.6
2022-08-17,1.8,15.6
2022-08-18,1.2,15.2
2022-08-19,12.4,16.3
2022-08-20,4.4,13.7
2022-08-21,0.0,15.1
2022-08-22,0.0,18.1
2022-08-23,8.8,13.1
2022-08-24,0.4,13.2
2022-08-25,4.8,14.5
2022-08-26,0.8,13.6
2022-08-27,0.2,20.1
2022-08-28,0.0,20.8
2022-08-29,0.0,17.9
2022-08-30,10.6,15.6
2022-08-31,1.4,16.4
2022-09-01,0.0,16.0
2022-09-02,2.4,12.8
2022-09-03,0.0,14.8
2022-09-04,0.2,12.7
2022-09-05,0.0,16.0
2022-09-06,0.0,17.0
2022-09-07,0.0,20.6
2022-09-08,3.0,17.3
2022-09-09,0.2,21.0
2022-09-10,6.8,15.6
2022-09-11,0.0,16.4
2022-09-12,1.6,13.6
2022-09-13,1.4,12.7
2022-09-14,0.0,18.1
2022-09-15,7.6,17.4
2022-09-16,0.0,17.2
2022-09-17,4.2,14.0
2022-09-18,9.6,15.6
2022-09-19,3.4,15.3
2022-09-20,0.2,20.1
2022-09-21,0.6,21.1
2022-09-22,0.0,16.9
2022-09-23,0.2,17.9
2022-09-24,0.4,14.7
2022-09-25,0.0,18.8
2022-09-26,0.0,16.0
2022-09-27,2.8,15.9
2022-09-28,4.2,16.0
2022-09-29,0.0,15.6
2022-09-30,0.0,20.1
2022-10-01,0.0,18.3
2022-10-02,0.0,17.7
2022-10-03,0.0,21.2
2022-10-04,0.0,16.0
2022-10-05,0.0,14.5
2022-10-06,7.4,21.5
2022-10-07,15.2,19.6
2022-10-08,19.8,15.2
2022-10-09,0.2,15.1
2022-10-10,0.0,18.0
2022-10-11,0.0,22.2
2022-10-12,1.8,18.8
2022-10-13,21.6,17.5
2022-10-14,22.6,18.3
2022-10-15,1.2,19.0
2022-10-16,2.4,16.2
2022-10-17,0.0,15.2
2022-10-18,0.0,21.6
2022-10-19,0.0,20.7
2022-10-20,0.0,20.9
2022-10-21,0.0,26.3
2022-10-22,18.6,19.8
2022-10-23,4.2,20.3
2022-10-24,0.4,20.6
2022-10-25,2.0,23.7
2022-10-26,1.0,19.9
2022-10-27,8.2,18.6
2022-10-28,15.8,15.6
2022-10-29,3.0,17.8
2022-10-30,2.4,21.6
2022-10-31,1.2,22.4
2022-11-01,3.0,13.3
2022-11-02,2.8,15.7
2022-11-03,0.4,15.4
2022-11-04,0.2,17.8
2022-11-05,0.0,22.7
2022-11-06,0.0,27.1
2022-11-07,0.0,25.9
2022-11-08,0.0,27.6
2022-11-09,2.8,29.3
2022-11-10,0.0,26.4
2022-11-11,3.0,20.2
2022-11-12,0.0,19.3
2022-11-13,6.6,24.8
2022-11-14,13.6,17.4
2022-11-15,14.2,13.1
2022-11-16,0.6,14.8
2022-11-17,3.2,16.3
2022-11-18,0.0,24.5
2022-11-19,0.0,22.3
2022-11-20,16.0,20.6
2022-11-21,1.2,13.8
2022-11-22,2.0,18.2
2022-11-23,0.6,17.7
2022-11-24,2.8,19.2
2022-11-25,0.0,20.6
2022-11-26,0.0,27.3
2022-11-27,0.2,20.5
2022-11-28,0.2,18.8
2022-11-29,0.4,18.4
2022-11-30,0.0,18.4
2022-12-01,0.0,18.8
2022-12-02,0.0,21.4
2022-12-03,0.0,31.0
2022-12-04,0.0,34.5
2022-12-05,0.0,18.1
2022-12-06,1.2,20.0
2022-12-07,0.2,19.3
2022-12-08,0.6,16.0
2022-12-09,2.4,17.6
2022-12-10,0.0,25.9
2022-12-11,0.0,28.6
2022-12-12,17.4,17.3
2022-12-13,3.2,17.9
2022-12-14,6.2,15.8
2022-12-15,3.4,16.6
2022-12-16,0.0,20.3
2022-12-17,0.2,22.3
2022-12-18,0.0,23.7
2022-12-19,0.0,26.0
2022-12-20,0.0,27.3
2022-12-21,0.0,29.4
2022-12-22,5.2,25.2
2022-12-23,1.6,23.1
2022-12-24,0.0,23.5
2022-12-25,0.0,31.9
2022-12-26,0.0,27.5
2022-12-27,0.0,37.3
2022-12-28,0.0,27.6
2022-12-29,0.8,19.3
2022-12-30,0.0,26.2
2022-12-31,0.0,30.3
2023-01-01,0.0,35.9
2023-01-02,6.4,32.0
2023-01-03,0.2,21.1
2023-01-04,0.0,18.7
2023-01-05,1.0,21.6
2023-01-06,0.0,25.6
2023-01-07,0.0,30.2
2023-01-08,0.0,31.9
2023-01-09,0.0,26.2
2023-01-10,0.0,21.6
2023-01-11,0.0,29.9
2023-01-12,0.0,24.0
2023-01-13,0.0,24.2
2023-01-14,0.0,37.6
2023-01-15,0.0,20.6
2023-01-16,0.0,27.0
2023-01-17,0.0,37.2
2023-01-18,6.0,19.9
2023-01-19,4.6,19.3
2023-01-20,0.0,21.0
2023-01-21,0.0,23.0
2023-01-22,0.0,23.4
2023-01-23,0.0,28.0
2023-01-24,0.0,28.6
2023-01-25,1.8,30.0
2023-01-26,0.0,21.6
2023-01-27,0.0,26.8
2023-01-28,0.0,34.2
2023-01-29,0.2,23.8
2023-01-30,0.0,21.7
2023-01-31,0.0,22.2
2023-02-01,0.0,21.0
2023-02-02,0.2,21.3
2023-02-03,11.2,18.8
2023-02-04,6.6,20.7
2023-02-05,1.2,19.8
2023-02-06,0.0,20.9
2023-02-07,0.0,20.4
2023-02-08,0.0,22.2
2023-02-09,0.2,26.4
2023-02-10,0.0,26.7
2023-02-11,0.0,25.7
2023-02-12,0.0,20.7
2023-02-13,0.0,20.9
2023-02-14,0.0,22.2
2023-02-15,0.0,32.4
2023-02-16,0.0,37.2
2023-02-17,0.0,40.5
2023-02-18,0.0,24.9
2023-02-19,0.0,27.9
2023-02-20,0.0,24.0
2023-02-21,0.0,22.2
2023-02-22,0.0,30.6
2023-02-23,0.0,32.4
2023-02-24,0.0,32.3
2023-02-25,0.0,26.7
2023-02-26,1.4,23.4
2023-02-27,2.6,20.2
2023-02-28,0.2,17.6
2023-03-01,3.2,21.1
2023-03-02,0.8,21.7
2023-03-03,0.2,19.8
2023-03-04,0.0,31.4
2023-03-05,0.0,32.9
2023-03-06,5.6,25.3
2023-03-07,0.0,23.2
2023-03-08,1.0,19.4
2023-03-09,0.0,22.1
2023-03-10,0.0,24.0
2023-03-11,0.0,24.7
2023-03-12,0.0,20.7
2023-03-13,0.0,22.4
2023-03-14,0.0,30.5
2023-03-15,0.0,22.9
2023-03-16,0.0,28.5
2023-03-17,2.6,24.6
2023-03-18,0.0,36.2
2023-03-19,0.0,19.0
2023-03-20,0.0,20.8
2023-03-21,0.0,19.4
2023-03-22,1.6,22.8
2023-03-23,10.2,22.6
2023-03-24,1.4,21.6
2023-03-25,0.2,19.6
2023-03-26,0.0,19.9
2023-03-27,0.0,18.3
2023-03-28,8.0,20.9
2023-03-29,5.8,18.5
2023-03-30,8.2,19.1
2023-03-31,0.0,19.4
2023-04-01,4.6,16.4
2023-04-02,0.2,18.3
2023-04-03,0.0,22.6
2023-04-04,0.0,21.7
2023-04-05,0.0,18.4
2023-04-06,0.0,26.3
2023-04-07,4.4,19.9
2023-04-08,11.2,18.0
2023-04-09,7.8,15.5
2023-04-10,14.8,15.2
2023-04-11,6.0,19.1
2023-04-12,7.0,19.3
2023-04-13,4.4,22.8
2023-04-14,0.0,25.4
2023-04-15,0.0,21.2
2023-04-16,38.4,17.2
2023-04-17,2.0,20.7
2023-04-18,0.0,22.8
2023-04-19,1.2,17.5
2023-04-20,0.0,18.5
2023-04-21,0.0,19.0
2023-04-22,0.0,19.2
2023-04-23,0.0,19.0
2023-04-24,0.0,24.9
2023-04-25,0.0,25.9
2023-04-26,0.0,24.6
2023-04-27,0.0,22.6
2023-04-28,1.2,21.6
2023-04-29,5.2,15.9
2023-04-30,0.2,16.3
2023-05-01,0.0,18.1
2023-05-02,0.0,20.3
2023-05-03,3.0,15.7
2023-05-04,2.0,15.6
2023-05-05,0.0,17.9
2023-05-06,14.8,13.5
2023-05-07,22.6,13.4
2023-05-08,5.8,15.2
2023-05-09,1.0,16.5
2023-05-10,1.8,15.3
2023-05-11,0.2,18.4
2023-05-12,0.0,18.4
2023-05-13,0.0,16.8
2023-05-14,0.0,20.7
2023-05-15,0.0,22.1
2023-05-16,4.0,13.7
2023-05-17,2.6,14.8
2023-05-18,0.0,13.7
2023-05-19,0.0,14.6
2023-05-20,2.2,15.0
2023-05-21,1.8,14.9
2023-05-22,0.4,16.4
2023-05-23,0.0,16.8
2023-05-24,0.0,15.9
2023-05-25,0.0,15.0
2023-05-26,2.8,14.4
2023-05-27,0.6,15.8
2023-05-28,6.8,16.5
2023-05-29,5.4,17.0
2023-05-30,0.0,18.7
2023-05-31,0.0,17.7
2023-06-01,1.4,14.7
2023-06-02,0.0,15.2
2023-06-03,3.0,15.2
2023-06-04,0.8,18.4
2023-06-05,0.0,20.1
2023-06-06,0.0,17.4
2023-06-07,0.0,18.4
2023-06-08,10.6,16.9
2023-06-09,6.2,15.6
2023-06-10,0.0,15.5
2023-06-11,0.0,17.0
2023-06-12,0.0,15.3
2023-06-13,0.0,14.6
2023-06-14,2.2,16.2
2023-06-15,0.0,15.6
2023-06-16,0.0,17.6
2023-06-17,0.0,16.5
2023-06-18,7.0,14.6
2023-06-19,10.0,11.9
2023-06-20,0.2,12.1
2023-06-21,0.0,11.8
2023-06-22,0.0,13.7
2023-06-23,2.8,11.3
2023-06-24,1.0,15.1
2023-06-25,4.0,13.2
2023-06-26,0.0,16.0
2023-06-27,0.0,14.9
2023-06-28,0.0,12.7
2023-06-29,3.6,12.9
2023-06-30,0.0,15.2
2023-07-01,0.4,13.5
2023-07-02,0.6,12.8
2023-07-03,0.4,14.5
2023-07-04,0.0,13.6
2023-07-05,2.4,14.7
2023-07-06,0.0,15.2
2023-07-07,1.0,15.5
2023-07-08,1.2,14.9
2023-07-09,0.2,16.9
2023-07-10,0.8,17.1
2023-07-11,0.4,17.6
2023-07-12,0.0,17.7
2023-07-13,0.0,15.9
2023-07-14,0.0,14.7
2023-07-15,0.0,12.5
2023-07-16,0.4,14.8
2023-07-17,0.0,16.5
2023-07-18,0.0,14.6
2023-07-19,0.8,14.3
2023-07-20,0.0,13.4
2023-07-21,0.4,13.9
2023-07-22,0.0,15.8
2023-07-23,0.0,13.1
2023-07-24,1.4,13.5
2023-07-25,0.0,14.8
2023-07-26,0.0,14.7
2023-07-27,0.0,17.2
2023-07-28,7.2,18.9
2023-07-29,0.0,18.8
2023-07-30,0.0,17.9
2023-07-31,3.0,16.9
2023-08-01,0.0,14.9
2023-08-02,0.0,17.1
2023-08-03,0.0,19.8
2023-08-04,0.0,18.2
2023-08-05,0.0,13.6
2023-08-06,0.0,13.4
2023-08-07,0.0,13.7
2023-08-08,0.0,14.2
2023-08-09,0.2,18.4
2023-08-10,2.8,14.5
2023-08-11,0.0,15.7
2023-08-12,0.0,16.0
2023-08-13,3.4,12.9
2023-08-14,0.0,12.7
2023-08-15,0.0,13.1
2023-08-16,0.0,15.8
2023-08-17,0.0,12.5
2023-08-18,5.4,13.5
2023-08-19,0.2,18.2
2023-08-20,0.0,19.2
2023-08-21,0.0,17.8
2023-08-22,0.0,14.3
2023-08-23,3.6,17.0
2023-08-24,0.0,17.9
2023-08-25,0.0,19.8
2023-08-26,0.0,15.5
2023-08-27,0.0,15.7
2023-08-28,0.0,16.6
2023-08-29,0.2,18.4
2023-08-30,3.8,14.9
2023-08-31,2.8,15.8
2023-09-01,1.8,14.8
2023-09-02,0.0,15.8
2023-09-03,0.0,20.4
2023-09-04,0.0,21.6
2023-09-05,2.8,15.1
2023-09-06,0.2,19.4
2023-09-07,0.0,22.1
2023-09-08,4.0,11.7
2023-09-09,0.8,13.9
2023-09-10,1.0,14.9
2023-09-11,0.0,17.2
2023-09-12,0.0,23.3
2023-09-13,0.0,25.1
2023-09-14,0.0,23.9
2023-09-15,0.0,22.4
2023-09-16,0.0,25.0
2023-09-17,0.0,23.1
2023-09-18,0.0,21.9
2023-09-19,0.0,28.0
2023-09-20,0.0,19.0
2023-09-21,0.2,14.9
2023-09-22,0.0,14.9
2023-09-23,0.0,16.4
2023-09-24,0.0,23.8
2023-09-25,0.0,23.4
2023-09-26,0.0,16.4
2023-09-27,0.0,17.3
2023-09-28,0.0,20.1
2023-09-29,0.0,27.8
2023-09-30,0.0,29.7
2023-10-01,0.0,20.5
2023-10-02,0.0,28.5
2023-10-03,3.0,19.2
2023-10-04,22.8,13.5
2023-10-05,6.8,16.5
2023-10-06,7.2,15.2
2023-10-07,0.4,14.3
2023-10-08,0.0,15.8
2023-10-09,0.0,15.8
2023-10-10,0.0,16.5
2023-10-11,0.0,26.2
2023-10-12,1.2,16.1
2023-10-13,13.4,17.5
2023-10-14,2.2,19.6
2023-10-15,0.0,17.2
2023-10-16,5.0,14.7
2023-10-17,0.8,16.1
2023-10-18,0.2,24.2
2023-10-19,0.0,27.1
2023-10-20,0.0,29.5
2023-10-21,0.0,22.1
2023-10-22,0.2,15.5
2023-10-23,2.4,18.1
2023-10-24,0.0,25.3
2023-10-25,0.0,13.4
2023-10-26,8.2,15.1
2023-10-27,0.4,19.4
2023-10-28,0.0,23.3
2023-10-29,0.0,21.3
2023-10-30,0.0,23.2
2023-10-31,1.8,16.0
2023-11-01,0.0,16.0
2023-11-02,0.0,16.7
2023-11-03,0.0,15.9
2023-11-04,0.0,20.9
2023-11-05,0.0,23.9
2023-11-06,0.0,29.8
2023-11-07,0.0,30.6
2023-11-08,0.6,30.8
2023-11-09,8.8,23.2
2023-11-10,0.0,33.1
2023-11-11,0.0,19.1
2023-11-12,0.0,18.2
2023-11-13,0.4,20.6
2023-11-14,0.6,16.8
2023-11-15,0.2,18.2
2023-11-16,0.6,17.4
2023-11-17,0.0,17.8
2023-11-18,0.0,18.8
2023-11-19,0.0,21.6
2023-11-20,0.0,19.3
2023-11-21,0.0,19.0
2023-11-22,0.0,18.6
2023-11-23,0.0,26.5
2023-11-24,0.0,28.7
2023-11-25,8.8,26.5
2023-11-26,3.8,19.8
2023-11-27,7.2,18.5
2023-11-28,1.8,23.2
2023-11-29,2.8,19.1
2023-11-30,6.8,18.8
2023-12-01,4.6,23.8
2023-12-02,2.8,16.7
2023-12-03,7.0,24.3
2023-12-04,0.0,32.6
2023-12-05,0.0,24.5
2023-12-06,0.0,22.7
2023-12-07,0.0,25.8
2023-12-08,0.0,33.0
2023-12-09,2.6,17.9
2023-12-10,11.8,19.5
2023-12-11,0.4,20.2
2023-12-12,0.2,33.2
2023-12-13,0.6,34.0
2023-12-14,1.4,25.5
2023-12-15,0.0,23.4
2023-12-16,0.0,22.7
2023-12-17,0.0,25.2
2023-12-18,0.0,26.2
2023-12-19,4.0,19.0
2023-12-20,1.4,20.4
2023-12-21,0.0,25.7
2023-12-22,0.0,24.4
2023-12-23,0.0,22.8
2023-12-24,0.0,24.2
2023-12-25,14.2,20.8
2023-12-26,16.0,24.1
2023-12-27,3.0,24.0
2023-12-28,0.8,20.8
2023-12-29,0.0,20.4
2023-12-30,0.0,19.0
2023-12-31,0.6,20.8
2024-01-01,0.0,23.2
2024-01-02,0.0,24.7
2024-01-03,17.8,26.9
2024-01-04,1.0,21.9
2024-01-05,0.0,28.9
2024-01-06,0.0,32.6
2024-01-07,0.0,27.2
2024-01-08,37.8,20.3
2024-01-09,25.6,24.2
2024-01-10,0.2,27.4
2024-01-11,0.0,23.1
2024-01-12,0.0,33.4
2024-01-13,0.0,21.7
2024-01-14,0.4,22.9
2024-01-15,0.0,30.2
2024-01-16,0.0,31.9
2024-01-17,8.2,21.5
2024-01-18,12.2,21.6
2024-01-19,0.2,20.8
2024-01-20,0.0,28.7
2024-01-21,0.0,20.5
2024-01-22,0.0,20.2
2024-01-23,0.0,31.7
2024-01-24,0.2,30.2
2024-01-25,0.0,23.8
2024-01-26,5.2,22.3
2024-01-27,0.0,24.7
2024-01-28,0.0,26.3
2024-01-29,0.0,27.2
2024-01-30,0.0,23.3
2024-01-31,0.0,21.6
2024-02-01,0.0,24.3
2024-02-02,0.0,20.9
2024-02-03,0.0,33.4
2024-02-04,0.0,37.5
2024-02-05,0.0,19.9
2024-02-06,1.0,21.1
2024-02-07,0.2,21.9
2024-02-08,0.0,22.4
2024-02-09,0.0,21.2
2024-02-10,0.0,26.7
2024-02-11,0.0,33.2
2024-02-12,0.0,35.8
2024-02-13,0.0,36.7
2024-02-14,1.2,20.3
2024-02-15,0.0,20.9
2024-02-16,0.0,22.9
2024-02-17,0.0,23.1
2024-02-18,0.0,21.8
2024-02-19,0.0,22.2
2024-02-20,0.0,29.2
2024-02-21,0.0,33.9
2024-02-22,0.0,35.9
2024-02-23,3.8,21.9
2024-02-24,0.0,20.3
2024-02-25,0.0,30.9
2024-02-26,0.0,20.4
2024-02-27,0.0,27.4
2024-02-28,0.0,36.3
2024-02-29,0.0,24.7
2024-03-01,0.0,28.1
2024-03-02,0.0,20.7
